date,city,precipitation
2020-01-01,seattle,0.1625
2020-01-02,seattle,0.18125000000000002
2020-01-03,seattle,0.2675
2020-01-04,seattle,0.17200000000000001
2020-01-05,seattle,0.16857142857142857
2020-01-06,seattle,0.23333333333333336
2020-01-07,seattle,0.5111111111111111
2020-01-08,seattle,0.0425
2020-01-09,seattle,0.060000000000000005
2020-01-10,seattle,0.16777777777777778
2020-01-11,seattle,0.4311111111111111
2020-01-12,seattle,0.3457142857142857
2020-01-13,seattle,0.22666666666666666
2020-01-14,seattle,0.14833333333333332
2020-01-15,seattle,0.022857142857142857
2020-01-16,seattle,0.04857142857142858
2020-01-17,seattle,0.008571428571428572
2020-01-18,seattle,0.5
2020-01-19,seattle,0.045714285714285714
2020-01-20,seattle,0.049999999999999996
2020-01-21,seattle,0.2814285714285714
2020-01-22,seattle,0.66
2020-01-23,seattle,0.5025
2020-01-24,seattle,0.8462500000000001
2020-01-25,seattle,0.3114285714285714
2020-01-26,seattle,0.29857142857142854
2020-01-27,seattle,0.17625
2020-01-28,seattle,0.97
2020-01-29,seattle,0.14500000000000002
2020-01-30,seattle,0.25375
2020-01-31,seattle,0.30142857142857143
2020-02-01,seattle,1.337142857142857
2020-02-02,seattle,0.08571428571428572
2020-02-03,seattle,0.06125
2020-02-04,seattle,0.004285714285714286
2020-02-05,seattle,0.5755555555555555
2020-02-06,seattle,1.1122222222222222
2020-02-07,seattle,0.5122222222222222
2020-02-08,seattle,0.21333333333333335
2020-02-09,seattle,0.02142857142857143
2020-02-10,seattle,0.00125
2020-02-11,seattle,0.0014285714285714286
2020-02-12,seattle,0.06714285714285714
2020-02-13,seattle,0.005
2020-02-14,seattle,0.1322222222222222
2020-02-15,seattle,0.08142857142857143
2020-02-16,seattle,0.198
2020-02-17,seattle,0.018333333333333337
2020-02-18,seattle,0.0
2020-02-19,seattle,0.0
2020-02-20,seattle,0.004
2020-02-21,seattle,0.0
2020-02-22,seattle,0.014000000000000002
2020-02-23,seattle,0.20714285714285713
2020-02-24,seattle,0.04
2020-02-25,seattle,0.0016666666666666668
2020-02-26,seattle,0.017142857142857144
2020-02-27,seattle,0.002857142857142857
2020-02-28,seattle,0.015
2020-02-29,seattle,0.11166666666666668
2020-03-01,seattle,0.043333333333333335
2020-03-02,seattle,0.02
2020-03-03,seattle,0.14857142857142858
2020-03-04,seattle,0.03
2020-03-05,seattle,0.045000000000000005
2020-03-06,seattle,0.6683333333333333
2020-03-07,seattle,0.09333333333333334
2020-03-08,seattle,0.09999999999999999
2020-03-09,seattle,0.01
2020-03-10,seattle,0.0
2020-03-11,seattle,0.041666666666666664
2020-03-12,seattle,0.03333333333333333
2020-03-13,seattle,0.13142857142857142
2020-03-14,seattle,0.23428571428571426
2020-03-15,seattle,0.0
2020-03-16,seattle,0.0
2020-03-17,seattle,0.0
2020-03-18,seattle,0.0
2020-03-19,seattle,0.0
2020-03-20,seattle,0.0
2020-03-21,seattle,0.0
2020-03-22,seattle,0.0
2020-03-23,seattle,0.016666666666666666
2020-03-24,seattle,0.022857142857142857
2020-03-25,seattle,0.42
2020-03-26,seattle,0.06666666666666667
2020-03-27,seattle,0.02142857142857143
2020-03-28,seattle,0.06874999999999999
2020-03-29,seattle,0.62875
2020-03-30,seattle,0.37875000000000003
2020-03-31,seattle,0.2957142857142857
2020-04-01,seattle,0.12
2020-04-02,seattle,0.018571428571428572
2020-04-03,seattle,0.007500000000000001
2020-04-04,seattle,0.0475
2020-04-05,seattle,0.0033333333333333335
2020-04-06,seattle,0.0
2020-04-07,seattle,0.0
2020-04-08,seattle,0.0
2020-04-09,seattle,0.0
2020-04-10,seattle,0.0
2020-04-11,seattle,0.0011111111111111111
2020-04-12,seattle,0.0
2020-04-13,seattle,0.0
2020-04-14,seattle,0.0
2020-04-15,seattle,0.0
2020-04-16,seattle,0.0
2020-04-17,seattle,0.0
2020-04-18,seattle,0.06625
2020-04-19,seattle,0.1388888888888889
2020-04-20,seattle,0.0
2020-04-21,seattle,0.0
2020-04-22,seattle,0.10285714285714286
2020-04-23,seattle,0.6875
2020-04-24,seattle,0.1025
2020-04-25,seattle,0.16666666666666666
2020-04-26,seattle,0.21500000000000002
2020-04-27,seattle,0.20875
2020-04-28,seattle,0.01
2020-04-29,seattle,0.01
2020-04-30,seattle,0.025714285714285714
2020-05-01,seattle,0.00375
2020-05-02,seattle,0.08125
2020-05-03,seattle,0.225
2020-05-04,seattle,0.015714285714285715
2020-05-05,seattle,0.0
2020-05-06,seattle,0.02
2020-05-07,seattle,0.02
2020-05-08,seattle,0.0
2020-05-09,seattle,0.0
2020-05-10,seattle,0.0
2020-05-11,seattle,0.0016666666666666668
2020-05-12,seattle,0.08428571428571428
2020-05-13,seattle,0.025714285714285714
2020-05-14,seattle,0.049999999999999996
2020-05-15,seattle,0.074
2020-05-16,seattle,0.138
2020-05-17,seattle,0.5314285714285715
2020-05-18,seattle,0.01
2020-05-19,seattle,0.0
2020-05-20,seattle,0.0
2020-05-21,seattle,0.36999999999999994
2020-05-22,seattle,0.12333333333333334
2020-05-23,seattle,0.21200000000000002
2020-05-24,seattle,0.0
2020-05-25,seattle,0.06666666666666667
2020-05-26,seattle,0.09833333333333334
2020-05-27,seattle,0.022
2020-05-28,seattle,0.0
2020-05-29,seattle,0.0
2020-05-30,seattle,0.0
2020-05-31,seattle,1.0542857142857143
2020-06-01,seattle,0.06142857142857144
2020-06-02,seattle,0.0
2020-06-03,seattle,0.01
2020-06-04,seattle,0.0
2020-06-05,seattle,0.0
2020-06-06,seattle,0.0
2020-06-07,seattle,0.1366666666666667
2020-06-08,seattle,0.043333333333333335
2020-06-09,seattle,0.16
2020-06-10,seattle,0.14166666666666666
2020-06-11,seattle,0.04
2020-06-12,seattle,0.1416666666666667
2020-06-13,seattle,0.20333333333333334
2020-06-14,seattle,0.17166666666666666
2020-06-15,seattle,0.096
2020-06-16,seattle,0.09
2020-06-17,seattle,0.0016666666666666668
2020-06-18,seattle,0.0
2020-06-19,seattle,0.0
2020-06-20,seattle,0.016
2020-06-21,seattle,0.05
2020-06-22,seattle,0.0
2020-06-23,seattle,0.0
2020-06-24,seattle,0.0
2020-06-25,seattle,0.0
2020-06-26,seattle,0.0
2020-06-27,seattle,0.11400000000000002
2020-06-28,seattle,0.625
2020-06-29,seattle,0.008
2020-06-30,seattle,0.055
2020-07-01,seattle,0.05
2020-07-02,seattle,0.008
2020-07-03,seattle,0.005
2020-07-04,seattle,0.0016666666666666668
2020-07-05,seattle,0.0
2020-07-06,seattle,0.0
2020-07-07,seattle,0.0
2020-07-08,seattle,0.0033333333333333335
2020-07-09,seattle,0.013333333333333334
2020-07-10,seattle,0.012
2020-07-11,seattle,0.002
2020-07-12,seattle,0.045714285714285714
2020-07-13,seattle,0.032
2020-07-14,seattle,0.0
2020-07-15,seattle,0.0
2020-07-16,seattle,0.0
2020-07-17,seattle,0.078
2020-07-18,seattle,0.012
2020-07-19,seattle,0.0
2020-07-20,seattle,0.0
2020-07-21,seattle,0.0
2020-07-22,seattle,0.0175
2020-07-23,seattle,0.004
2020-07-24,seattle,0.006
2020-07-25,seattle,0.0
2020-07-26,seattle,0.0
2020-07-27,seattle,0.0
2020-07-28,seattle,0.0
2020-07-29,seattle,0.0
2020-07-30,seattle,0.0
2020-07-31,seattle,0.0
2020-08-01,seattle,0.0
2020-08-02,seattle,0.0
2020-08-03,seattle,0.0
2020-08-04,seattle,0.0
2020-08-05,seattle,0.0
2020-08-06,seattle,0.028571428571428574
2020-08-07,seattle,0.13333333333333333
2020-08-08,seattle,0.021666666666666667
2020-08-09,seattle,0.016666666666666666
2020-08-10,seattle,0.0
2020-08-11,seattle,0.0
2020-08-12,seattle,0.0
2020-08-13,seattle,0.0
2020-08-14,seattle,0.0
2020-08-15,seattle,0.0
2020-08-16,seattle,0.0
2020-08-17,seattle,0.0
2020-08-18,seattle,0.0
2020-08-19,seattle,0.0
2020-08-20,seattle,0.04142857142857143
2020-08-21,seattle,0.0842857142857143
2020-08-22,seattle,0.045714285714285714
2020-08-23,seattle,0.0
2020-08-24,seattle,0.0
2020-08-25,seattle,0.0
2020-08-26,seattle,0.0
2020-08-27,seattle,0.0
2020-08-28,seattle,0.0
2020-08-29,seattle,0.0
2020-08-30,seattle,0.0
2020-08-31,seattle,0.025714285714285714
2020-09-01,seattle,0.0
2020-09-02,seattle,0.0
2020-09-03,seattle,0.0
2020-09-04,seattle,0.0
2020-09-05,seattle,0.0
2020-09-06,seattle,0.0
2020-09-07,seattle,0.0
2020-09-08,seattle,0.0
2020-09-09,seattle,0.0
2020-09-10,seattle,0.0
2020-09-11,seattle,0.0
2020-09-12,seattle,0.0
2020-09-13,seattle,0.0
2020-09-14,seattle,0.01
2020-09-15,seattle,0.08142857142857143
2020-09-16,seattle,0.014285714285714287
2020-09-17,seattle,0.0
2020-09-18,seattle,0.041428571428571426
2020-09-19,seattle,0.325
2020-09-20,seattle,0.24714285714285716
2020-09-21,seattle,0.028333333333333335
2020-09-22,seattle,0.041666666666666664
2020-09-23,seattle,0.34
2020-09-24,seattle,0.778
2020-09-25,seattle,0.6699999999999999
2020-09-26,seattle,0.405
2020-09-27,seattle,0.045
2020-09-28,seattle,0.002
2020-09-29,seattle,0.0
2020-09-30,seattle,0.0
2020-10-01,seattle,0.0
2020-10-02,seattle,0.0
2020-10-03,seattle,0.002
2020-10-04,seattle,0.030000000000000002
2020-10-05,seattle,0.014000000000000002
2020-10-06,seattle,0.0
2020-10-07,seattle,0.0
2020-10-08,seattle,0.01
2020-10-09,seattle,0.10400000000000001
2020-10-10,seattle,0.9339999999999999
2020-10-11,seattle,0.10857142857142857
2020-10-12,seattle,0.44999999999999996
2020-10-13,seattle,0.5633333333333334
2020-10-14,seattle,0.03333333333333333
2020-10-15,seattle,0.0
2020-10-16,seattle,0.011666666666666667
2020-10-17,seattle,0.17285714285714285
2020-10-18,seattle,0.023333333333333334
2020-10-19,seattle,0.060000000000000005
2020-10-20,seattle,0.17833333333333334
2020-10-21,seattle,0.06857142857142857
2020-10-22,seattle,0.22199999999999998
2020-10-23,seattle,0.03666666666666667
2020-10-24,seattle,0.10142857142857142
2020-10-25,seattle,0.006
2020-10-26,seattle,0.0033333333333333335
2020-10-27,seattle,0.0
2020-10-28,seattle,0.0
2020-10-29,seattle,0.02
2020-10-30,seattle,0.022857142857142857
2020-10-31,seattle,0.0
2020-11-01,seattle,0.0
2020-11-02,seattle,0.0
2020-11-03,seattle,0.1985714285714286
2020-11-04,seattle,0.6857142857142857
2020-11-05,seattle,0.1942857142857143
2020-11-06,seattle,0.098
2020-11-07,seattle,0.005
2020-11-08,seattle,0.008
2020-11-09,seattle,0.012
2020-11-10,seattle,0.09833333333333333
2020-11-11,seattle,0.02
2020-11-12,seattle,0.004
2020-11-13,seattle,0.88
2020-11-14,seattle,0.01
2020-11-15,seattle,0.475
2020-11-16,seattle,0.04
2020-11-17,seattle,0.694
2020-11-18,seattle,0.71
2020-11-19,seattle,0.29
2020-11-20,seattle,0.05
2020-11-21,seattle,0.024
2020-11-22,seattle,0.026000000000000002
2020-11-23,seattle,0.19499999999999998
2020-11-24,seattle,0.06333333333333334
2020-11-25,seattle,0.21600000000000003
2020-11-26,seattle,0.032
2020-11-27,seattle,0.042499999999999996
2020-11-28,seattle,0.046
2020-11-29,seattle,0.072
2020-11-30,seattle,0.438
2020-12-01,seattle,0.005
2020-12-02,seattle,0.0025
2020-12-03,seattle,0.0
2020-12-04,seattle,0.0
2020-12-05,seattle,0.0
2020-12-06,seattle,0.022
2020-12-07,seattle,0.002
2020-12-08,seattle,0.192
2020-12-09,seattle,0.47800000000000004
2020-12-10,seattle,0.02
2020-12-11,seattle,0.02
2020-12-12,seattle,0.0
2020-12-13,seattle,0.09
2020-12-14,seattle,0.16999999999999998
2020-12-15,seattle,0.2675
2020-12-16,seattle,0.076
2020-12-17,seattle,0.4416666666666667
2020-12-18,seattle,0.16799999999999998
2020-12-19,seattle,0.28833333333333333
2020-12-20,seattle,0.305
2020-12-21,seattle,0.6942857142857143
2020-12-22,seattle,1.635
2020-12-23,seattle,0.0033333333333333335
2020-12-24,seattle,0.0
2020-12-25,seattle,0.075
2020-12-26,seattle,0.43
2020-12-27,seattle,0.096
2020-12-28,seattle,0.096
2020-12-29,seattle,0.055
2020-12-30,seattle,0.6028571428571429
2020-12-31,seattle,0.43166666666666664
2021-01-01,seattle,0.17
2021-01-02,seattle,0.585
2021-01-03,seattle,1.4383333333333335
2021-01-04,seattle,0.5950000000000001
2021-01-05,seattle,0.3385714285714286
2021-01-06,seattle,0.9183333333333333
2021-01-07,seattle,0.005
2021-01-08,seattle,0.10428571428571429
2021-01-09,seattle,0.15571428571428572
2021-01-10,seattle,0.08833333333333333
2021-01-11,seattle,0.18499999999999997
2021-01-12,seattle,1.8399999999999999
2021-01-13,seattle,0.9199999999999999
2021-01-14,seattle,0.013333333333333334
2021-01-15,seattle,0.186
2021-01-16,seattle,0.0125
2021-01-17,seattle,0.036
2021-01-18,seattle,0.0
2021-01-19,seattle,0.0
2021-01-20,seattle,0.0
2021-01-21,seattle,0.03666666666666667
2021-01-22,seattle,0.012
2021-01-23,seattle,0.0
2021-01-24,seattle,0.11666666666666665
2021-01-25,seattle,0.154
2021-01-26,seattle,0.01
2021-01-27,seattle,0.098
2021-01-28,seattle,0.19333333333333333
2021-01-29,seattle,0.1366666666666667
2021-01-30,seattle,0.135
2021-01-31,seattle,0.21
2021-02-01,seattle,0.5825
2021-02-02,seattle,0.728
2021-02-03,seattle,0.356
2021-02-04,seattle,0.01
2021-02-05,seattle,0.13199999999999998
2021-02-06,seattle,0.026000000000000002
2021-02-07,seattle,0.0275
2021-02-08,seattle,0.124
2021-02-09,seattle,0.018
2021-02-10,seattle,0.0
2021-02-11,seattle,0.0
2021-02-12,seattle,0.076
2021-02-13,seattle,0.586
2021-02-14,seattle,0.33399999999999996
2021-02-15,seattle,0.45599999999999996
2021-02-16,seattle,0.10400000000000001
2021-02-17,seattle,0.044
2021-02-18,seattle,0.05
2021-02-19,seattle,0.1
2021-02-20,seattle,0.03333333333333333
2021-02-21,seattle,0.12
2021-02-22,seattle,0.23249999999999998
2021-02-23,seattle,0.21
2021-02-24,seattle,0.13
2021-02-25,seattle,0.172
2021-02-26,seattle,0.082
2021-02-27,seattle,0.08600000000000001
2021-02-28,seattle,0.024
2021-03-01,seattle,0.0
2021-03-02,seattle,0.002
2021-03-03,seattle,0.013333333333333334
2021-03-04,seattle,0.09999999999999999
2021-03-05,seattle,0.348
2021-03-06,seattle,0.0575
2021-03-07,seattle,0.13
2021-03-08,seattle,0.145
2021-03-09,seattle,0.0033333333333333335
2021-03-10,seattle,0.006
2021-03-11,seattle,0.0
2021-03-12,seattle,0.0
2021-03-13,seattle,0.0
2021-03-14,seattle,0.0725
2021-03-15,seattle,0.292
2021-03-16,seattle,0.0025
2021-03-17,seattle,0.0
2021-03-18,seattle,0.035
2021-03-19,seattle,0.2
2021-03-20,seattle,0.21
2021-03-21,seattle,0.2
2021-03-22,seattle,0.20800000000000002
2021-03-23,seattle,0.10400000000000001
2021-03-24,seattle,0.01
2021-03-25,seattle,0.6125
2021-03-26,seattle,0.016666666666666666
2021-03-27,seattle,0.0
2021-03-28,seattle,0.0
2021-03-29,seattle,0.29400000000000004
2021-03-30,seattle,0.005
2021-03-31,seattle,0.0
2021-04-01,seattle,0.0
2021-04-02,seattle,0.0
2021-04-03,seattle,0.0
2021-04-04,seattle,0.052500000000000005
2021-04-05,seattle,0.007500000000000001
2021-04-06,seattle,0.0
2021-04-07,seattle,0.0
2021-04-08,seattle,0.146
2021-04-09,seattle,0.0025
2021-04-10,seattle,0.034
2021-04-11,seattle,0.0
2021-04-12,seattle,0.0
2021-04-13,seattle,0.0
2021-04-14,seattle,0.0
2021-04-15,seattle,0.0
2021-04-16,seattle,0.0
2021-04-17,seattle,0.0
2021-04-18,seattle,0.0
2021-04-19,seattle,0.0
2021-04-20,seattle,0.0
2021-04-21,seattle,0.0
2021-04-22,seattle,0.0
2021-04-23,seattle,0.0
2021-04-24,seattle,0.22666666666666668
2021-04-25,seattle,0.35000000000000003
2021-04-26,seattle,0.0475
2021-04-27,seattle,0.0033333333333333335
2021-04-28,seattle,0.0
2021-04-29,seattle,0.0
2021-04-30,seattle,0.06999999999999999
2021-05-01,seattle,0.023333333333333334
2021-05-02,seattle,0.02
2021-05-03,seattle,0.0
2021-05-04,seattle,0.24
2021-05-05,seattle,0.0025
2021-05-06,seattle,0.0
2021-05-07,seattle,0.004
2021-05-08,seattle,0.182
2021-05-09,seattle,0.028000000000000004
2021-05-10,seattle,0.0
2021-05-11,seattle,0.0
2021-05-12,seattle,0.0
2021-05-13,seattle,0.0
2021-05-14,seattle,0.0
2021-05-15,seattle,0.0
2021-05-16,seattle,0.0
2021-05-17,seattle,0.014000000000000002
2021-05-18,seattle,0.07500000000000001
2021-05-19,seattle,0.22199999999999998
2021-05-20,seattle,0.005
2021-05-21,seattle,0.0
2021-05-22,seattle,0.0
2021-05-23,seattle,0.0
2021-05-24,seattle,0.066
2021-05-25,seattle,0.026000000000000002
2021-05-26,seattle,0.005
2021-05-27,seattle,0.22800000000000004
2021-05-28,seattle,0.11800000000000002
2021-05-29,seattle,0.0
2021-05-30,seattle,0.0
2021-05-31,seattle,0.0
2021-06-01,seattle,0.0
2021-06-02,seattle,0.0
2021-06-03,seattle,0.0
2021-06-04,seattle,0.0
2021-06-05,seattle,0.030000000000000006
2021-06-06,seattle,0.0
2021-06-07,seattle,0.588
2021-06-08,seattle,0.004
2021-06-09,seattle,0.0033333333333333335
2021-06-10,seattle,0.0
2021-06-11,seattle,0.115
2021-06-12,seattle,0.40249999999999997
2021-06-13,seattle,0.42333333333333334
2021-06-14,seattle,0.462
2021-06-15,seattle,0.06000000000000001
2021-06-16,seattle,0.0
2021-06-17,seattle,0.0
2021-06-18,seattle,0.0
2021-06-19,seattle,0.0
2021-06-20,seattle,0.0
2021-06-21,seattle,0.0
2021-06-22,seattle,0.0
2021-06-23,seattle,0.0
2021-06-24,seattle,0.0
2021-06-25,seattle,0.0
2021-06-26,seattle,0.0
2021-06-27,seattle,0.0
2021-06-28,seattle,0.0
2021-06-29,seattle,0.0
2021-06-30,seattle,0.0
2021-07-01,seattle,0.0
2021-07-02,seattle,0.0
2021-07-03,seattle,0.0
2021-07-04,seattle,0.0
2021-07-05,seattle,0.0
2021-07-06,seattle,0.0
2021-07-07,seattle,0.0
2021-07-08,seattle,0.0
2021-07-09,seattle,0.2
2021-07-10,seattle,0.0
2021-07-11,seattle,0.0
2021-07-12,seattle,0.0
2021-07-13,seattle,0.0
2021-07-14,seattle,0.0
2021-07-15,seattle,0.0
2021-07-16,seattle,0.0
2021-07-17,seattle,0.0
2021-07-18,seattle,0.0
2021-07-19,seattle,0.0
2021-07-20,seattle,0.022500000000000003
2021-07-21,seattle,0.023333333333333334
2021-07-22,seattle,0.0
2021-07-23,seattle,0.0
2021-07-24,seattle,0.0
2021-07-25,seattle,0.0
2021-07-26,seattle,0.0
2021-07-27,seattle,0.0
2021-07-28,seattle,0.0
2021-07-29,seattle,0.0
2021-07-30,seattle,0.0
2021-07-31,seattle,0.0
2021-08-01,seattle,0.0
2021-08-02,seattle,0.0
2021-08-03,seattle,0.0
2021-08-04,seattle,0.0125
2021-08-05,seattle,0.0
2021-08-06,seattle,0.05
2021-08-07,seattle,0.0225
2021-08-08,seattle,0.0925
2021-08-09,seattle,0.0025
2021-08-10,seattle,0.0
2021-08-11,seattle,0.0
2021-08-12,seattle,0.0
2021-08-13,seattle,0.0
2021-08-14,seattle,0.0
2021-08-15,seattle,0.0
2021-08-16,seattle,0.0
2021-08-17,seattle,0.0
2021-08-18,seattle,0.0
2021-08-19,seattle,0.0
2021-08-20,seattle,0.0
2021-08-21,seattle,0.0
2021-08-22,seattle,0.0
2021-08-23,seattle,0.0
2021-08-24,seattle,0.0
2021-08-25,seattle,0.0
2021-08-26,seattle,0.0
2021-08-27,seattle,0.05
2021-08-28,seattle,0.0175
2021-08-29,seattle,0.0
2021-08-30,seattle,0.0
2021-08-31,seattle,0.005
2021-09-01,seattle,0.0
2021-09-02,seattle,0.0
2021-09-03,seattle,0.0
2021-09-04,seattle,0.0
2021-09-05,seattle,0.0
2021-09-06,seattle,0.006666666666666667
2021-09-07,seattle,0.0
2021-09-08,seattle,0.0025
2021-09-09,seattle,0.0
2021-09-10,seattle,0.0
2021-09-11,seattle,0.01
2021-09-12,seattle,0.023333333333333334
2021-09-13,seattle,0.02666666666666667
2021-09-14,seattle,0.0
2021-09-15,seattle,0.034
2021-09-16,seattle,0.0
2021-09-17,seattle,0.12166666666666666
2021-09-18,seattle,0.808
2021-09-19,seattle,0.4666666666666666
2021-09-20,seattle,0.14666666666666667
2021-09-21,seattle,0.0
2021-09-22,seattle,0.01
2021-09-23,seattle,0.0
2021-09-24,seattle,0.0
2021-09-25,seattle,0.0
2021-09-26,seattle,0.12
2021-09-27,seattle,0.716
2021-09-28,seattle,0.362
2021-09-29,seattle,0.033999999999999996
2021-09-30,seattle,0.27199999999999996
2021-10-01,seattle,0.20500000000000002
2021-10-02,seattle,0.0
2021-10-03,seattle,0.014000000000000002
2021-10-04,seattle,0.013333333333333334
2021-10-05,seattle,0.154
2021-10-06,seattle,0.14166666666666666
2021-10-07,seattle,0.006
2021-10-08,seattle,0.0
2021-10-09,seattle,0.01
2021-10-10,seattle,0.248
2021-10-11,seattle,0.18833333333333332
2021-10-12,seattle,0.036
2021-10-13,seattle,0.043333333333333335
2021-10-14,seattle,0.046
2021-10-15,seattle,0.024
2021-10-16,seattle,0.012
2021-10-17,seattle,0.002
2021-10-18,seattle,0.0225
2021-10-19,seattle,0.0
2021-10-20,seattle,0.188
2021-10-21,seattle,0.1416666666666667
2021-10-22,seattle,0.5583333333333333
2021-10-23,seattle,0.03
2021-10-24,seattle,0.14
2021-10-25,seattle,0.298
2021-10-26,seattle,0.19166666666666665
2021-10-27,seattle,0.155
2021-10-28,seattle,0.725
2021-10-29,seattle,1.6533333333333333
2021-10-30,seattle,0.051666666666666666
2021-10-31,seattle,0.0
2021-11-01,seattle,0.028000000000000004
2021-11-02,seattle,0.135
2021-11-03,seattle,0.178
2021-11-04,seattle,0.6566666666666666
2021-11-05,seattle,0.4566666666666666
2021-11-06,seattle,0.09833333333333333
2021-11-07,seattle,0.67
2021-11-08,seattle,0.21833333333333335
2021-11-09,seattle,0.355
2021-11-10,seattle,0.278
2021-11-11,seattle,0.372
2021-11-12,seattle,0.9940000000000001
2021-11-13,seattle,0.49400000000000005
2021-11-14,seattle,0.65
2021-11-15,seattle,0.534
2021-11-16,seattle,0.27
2021-11-17,seattle,0.005
2021-11-18,seattle,0.11249999999999999
2021-11-19,seattle,0.48599999999999993
2021-11-20,seattle,0.07666666666666667
2021-11-21,seattle,0.0
2021-11-22,seattle,0.02
2021-11-23,seattle,0.58
2021-11-24,seattle,0.018
2021-11-25,seattle,0.31999999999999995
2021-11-26,seattle,0.372
2021-11-27,seattle,0.08
2021-11-28,seattle,0.4125
2021-11-29,seattle,0.154
2021-11-30,seattle,0.025
2021-12-01,seattle,0.027999999999999997
2021-12-02,seattle,0.092
2021-12-03,seattle,0.124
2021-12-04,seattle,0.14333333333333334
2021-12-05,seattle,0.2325
2021-12-06,seattle,0.023333333333333334
2021-12-07,seattle,0.11750000000000001
2021-12-08,seattle,0.045
2021-12-09,seattle,0.08399999999999999
2021-12-10,seattle,0.01
2021-12-11,seattle,0.75
2021-12-12,seattle,0.13999999999999999
2021-12-13,seattle,0.298
2021-12-14,seattle,0.0775
2021-12-15,seattle,0.124
2021-12-16,seattle,0.12
2021-12-17,seattle,0.074
2021-12-18,seattle,0.5275000000000001
2021-12-19,seattle,0.314
2021-12-20,seattle,0.068
2021-12-21,seattle,0.06999999999999999
2021-12-22,seattle,0.39
2021-12-23,seattle,0.5700000000000001
2021-12-24,seattle,0.192
2021-12-25,seattle,0.354
2021-12-26,seattle,0.3
2021-12-27,seattle,0.122
2021-12-28,seattle,0.0375
2021-12-29,seattle,0.0
2021-12-30,seattle,0.16749999999999998
2021-12-31,seattle,0.006
2022-01-01,seattle,0.0
2022-01-02,seattle,0.16
2022-01-03,seattle,1.7719999999999998
2022-01-04,seattle,0.304
2022-01-05,seattle,0.14
2022-01-06,seattle,1.004
2022-01-07,seattle,1.422
2022-01-08,seattle,0.31999999999999995
2022-01-09,seattle,0.0
2022-01-10,seattle,0.136
2022-01-11,seattle,0.8960000000000001
2022-01-12,seattle,0.52
2022-01-13,seattle,0.28
2022-01-14,seattle,0.02
2022-01-15,seattle,0.008
2022-01-16,seattle,0.0033333333333333335
2022-01-17,seattle,0.0075
2022-01-18,seattle,0.0225
2022-01-19,seattle,0.044
2022-01-20,seattle,0.09833333333333333
2022-01-21,seattle,0.14250000000000002
2022-01-22,seattle,0.004
2022-01-23,seattle,0.0
2022-01-24,seattle,0.0
2022-01-25,seattle,0.0
2022-01-26,seattle,0.0
2022-01-27,seattle,0.0
2022-01-28,seattle,0.0
2022-01-29,seattle,0.0
2022-01-30,seattle,0.06000000000000001
2022-01-31,seattle,0.23399999999999999
2022-02-01,seattle,0.01
2022-02-02,seattle,0.04
2022-02-03,seattle,0.08666666666666667
2022-02-04,seattle,0.035
2022-02-05,seattle,0.018
2022-02-06,seattle,0.0025
2022-02-07,seattle,0.0
2022-02-08,seattle,0.0075
2022-02-09,seattle,0.008333333333333333
2022-02-10,seattle,0.021666666666666667
2022-02-11,seattle,0.0175
2022-02-12,seattle,0.0
2022-02-13,seattle,0.0
2022-02-14,seattle,0.05857142857142857
2022-02-15,seattle,0.06999999999999999
2022-02-16,seattle,0.006666666666666667
2022-02-17,seattle,0.0
2022-02-18,seattle,0.0
2022-02-19,seattle,0.012857142857142857
2022-02-20,seattle,0.12142857142857144
2022-02-21,seattle,0.19142857142857145
2022-02-22,seattle,0.03142857142857143
2022-02-23,seattle,0.0
2022-02-24,seattle,0.005714285714285714
2022-02-25,seattle,0.0
2022-02-26,seattle,0.072
2022-02-27,seattle,0.6714285714285715
2022-02-28,seattle,1.937142857142857
2022-03-01,seattle,0.7771428571428572
2022-03-02,seattle,0.05833333333333333
2022-03-03,seattle,0.24833333333333332
2022-03-04,seattle,0.045
2022-03-05,seattle,0.03333333333333333
2022-03-06,seattle,0.0
2022-03-07,seattle,0.0
2022-03-08,seattle,0.096
2022-03-09,seattle,0.025
2022-03-10,seattle,0.0
2022-03-11,seattle,0.004
2022-03-12,seattle,0.004
2022-03-13,seattle,0.092
2022-03-14,seattle,0.18
2022-03-15,seattle,0.39
2022-03-16,seattle,0.05600000000000001
2022-03-17,seattle,0.005
2022-03-18,seattle,0.1325
2022-03-19,seattle,0.47
2022-03-20,seattle,0.19666666666666666
2022-03-21,seattle,0.36000000000000004
2022-03-22,seattle,0.14333333333333334
2022-03-23,seattle,0.035
2022-03-24,seattle,0.25333333333333335
2022-03-25,seattle,0.0
2022-03-26,seattle,0.007500000000000001
2022-03-27,seattle,0.03
2022-03-28,seattle,0.0
2022-03-29,seattle,0.006
2022-03-30,seattle,0.0
2022-03-31,seattle,0.21750000000000003
2022-04-01,seattle,0.01
2022-04-02,seattle,0.092
2022-04-03,seattle,0.0625
2022-04-04,seattle,0.8400000000000001
2022-04-05,seattle,0.08499999999999999
2022-04-06,seattle,0.0025
2022-04-07,seattle,0.0
2022-04-08,seattle,0.064
2022-04-09,seattle,0.095
2022-04-10,seattle,0.302
2022-04-11,seattle,0.036666666666666674
2022-04-12,seattle,0.004
2022-04-13,seattle,0.011666666666666667
2022-04-14,seattle,0.028000000000000004
2022-04-15,seattle,0.052000000000000005
2022-04-16,seattle,0.002
2022-04-17,seattle,0.037500000000000006
2022-04-18,seattle,0.10166666666666667
2022-04-19,seattle,0.29833333333333334
2022-04-20,seattle,0.024
2022-04-21,seattle,0.188
2022-04-22,seattle,0.1975
2022-04-23,seattle,0.008
2022-04-24,seattle,0.0
2022-04-25,seattle,0.16166666666666665
2022-04-26,seattle,0.022857142857142857
2022-04-27,seattle,0.03571428571428571
2022-04-28,seattle,0.04
2022-04-29,seattle,0.04
2022-04-30,seattle,0.36999999999999994
2022-05-01,seattle,0.028000000000000004
2022-05-02,seattle,0.3516666666666666
2022-05-03,seattle,0.11333333333333334
2022-05-04,seattle,0.008333333333333333
2022-05-05,seattle,0.04833333333333334
2022-05-06,seattle,0.4283333333333333
2022-05-07,seattle,0.515
2022-05-08,seattle,0.02666666666666667
2022-05-09,seattle,0.018
2022-05-10,seattle,0.011666666666666667
2022-05-11,seattle,0.03
2022-05-12,seattle,0.09
2022-05-13,seattle,0.36
2022-05-14,seattle,0.09500000000000001
2022-05-15,seattle,0.2
2022-05-16,seattle,0.47400000000000003
2022-05-17,seattle,0.006666666666666667
2022-05-18,seattle,0.21166666666666667
2022-05-19,seattle,0.10833333333333334
2022-05-20,seattle,0.0025
2022-05-21,seattle,0.0
2022-05-22,seattle,0.0
2022-05-23,seattle,0.0
2022-05-24,seattle,0.0
2022-05-25,seattle,0.02666666666666667
2022-05-26,seattle,0.06
2022-05-27,seattle,0.18666666666666668
2022-05-28,seattle,0.043333333333333335
2022-05-29,seattle,0.43999999999999995
2022-05-30,seattle,0.4033333333333333
2022-05-31,seattle,0.02
2022-06-01,seattle,0.0
2022-06-02,seattle,0.0475
2022-06-03,seattle,0.268
2022-06-04,seattle,0.18
2022-06-05,seattle,0.8850000000000001
2022-06-06,seattle,0.1742857142857143
2022-06-07,seattle,0.0025
2022-06-08,seattle,0.006666666666666667
2022-06-09,seattle,0.312
2022-06-10,seattle,0.958
2022-06-11,seattle,0.11200000000000002
2022-06-12,seattle,0.03666666666666667
2022-06-13,seattle,0.085
2022-06-14,seattle,0.14666666666666667
2022-06-15,seattle,0.0
2022-06-16,seattle,0.022
2022-06-17,seattle,0.042
2022-06-18,seattle,0.115
2022-06-19,seattle,0.04
2022-06-20,seattle,0.0
2022-06-21,seattle,0.0
2022-06-22,seattle,0.02
2022-06-23,seattle,0.016
2022-06-24,seattle,0.0
2022-06-25,seattle,0.0
2022-06-26,seattle,0.0
2022-06-27,seattle,0.0
2022-06-28,seattle,0.0
2022-06-29,seattle,0.0
2022-06-30,seattle,0.0
2022-07-01,seattle,0.0
2022-07-02,seattle,0.0
2022-07-03,seattle,0.03
2022-07-04,seattle,0.086
2022-07-05,seattle,0.0125
2022-07-06,seattle,0.05800000000000001
2022-07-07,seattle,0.0325
2022-07-08,seattle,0.004
2022-07-09,seattle,0.0
2022-07-10,seattle,0.0
2022-07-11,seattle,0.0
2022-07-12,seattle,0.0
2022-07-13,seattle,0.0
2022-07-14,seattle,0.0
2022-07-15,seattle,0.0
2022-07-16,seattle,0.0
2022-07-17,seattle,0.002
2022-07-18,seattle,0.02
2022-07-19,seattle,0.0
2022-07-20,seattle,0.0
2022-07-21,seattle,0.0
2022-07-22,seattle,0.0
2022-07-23,seattle,0.0
2022-07-24,seattle,0.0
2022-07-25,seattle,0.0
2022-07-26,seattle,0.0
2022-07-27,seattle,0.0
2022-07-28,seattle,0.0
2022-07-29,seattle,0.0
2022-07-30,seattle,0.0
2022-07-31,seattle,0.0
2022-08-01,seattle,0.004
2022-08-02,seattle,0.0
2022-08-03,seattle,0.0
2022-08-04,seattle,0.0
2022-08-05,seattle,0.037500000000000006
2022-08-06,seattle,0.0
2022-08-07,seattle,0.0
2022-08-08,seattle,0.0
2022-08-09,seattle,0.004
2022-08-10,seattle,0.01
2022-08-11,seattle,0.0275
2022-08-12,seattle,0.0
2022-08-13,seattle,0.0
2022-08-14,seattle,0.0
2022-08-15,seattle,0.0
2022-08-16,seattle,0.0
2022-08-17,seattle,0.0
2022-08-18,seattle,0.0
2022-08-19,seattle,0.01
2022-08-20,seattle,0.0275
2022-08-21,seattle,0.0
2022-08-22,seattle,0.0
2022-08-23,seattle,0.0
2022-08-24,seattle,0.0
2022-08-25,seattle,0.0
2022-08-26,seattle,0.0
2022-08-27,seattle,0.015000000000000001
2022-08-28,seattle,0.0075
2022-08-29,seattle,0.0
2022-08-30,seattle,0.0
2022-08-31,seattle,0.0
2022-09-01,seattle,0.0
2022-09-02,seattle,0.0
2022-09-03,seattle,0.035
2022-09-04,seattle,0.0275
2022-09-05,seattle,0.023333333333333334
2022-09-06,seattle,0.0
2022-09-07,seattle,0.0
2022-09-08,seattle,0.0
2022-09-09,seattle,0.0
2022-09-10,seattle,0.0
2022-09-11,seattle,0.0
2022-09-12,seattle,0.0
2022-09-13,seattle,0.0
2022-09-14,seattle,0.0
2022-09-15,seattle,0.0
2022-09-16,seattle,0.03
2022-09-17,seattle,0.014000000000000002
2022-09-18,seattle,0.0
2022-09-19,seattle,0.0
2022-09-20,seattle,0.0
2022-09-21,seattle,0.0
2022-09-22,seattle,0.0
2022-09-23,seattle,0.0
2022-09-24,seattle,0.0
2022-09-25,seattle,0.0
2022-09-26,seattle,0.0
2022-09-27,seattle,0.0
2022-09-28,seattle,0.0
2022-09-29,seattle,0.02666666666666667
2022-09-30,seattle,0.0
2022-10-01,seattle,0.0
2022-10-02,seattle,0.0
2022-10-03,seattle,0.0
2022-10-04,seattle,0.0
2022-10-05,seattle,0.0025
2022-10-06,seattle,0.0
2022-10-07,seattle,0.0
2022-10-08,seattle,0.0
2022-10-09,seattle,0.0
2022-10-10,seattle,0.0025
2022-10-11,seattle,0.0
2022-10-12,seattle,0.0
2022-10-13,seattle,0.0
2022-10-14,seattle,0.0
2022-10-15,seattle,0.0
2022-10-16,seattle,0.0
2022-10-17,seattle,0.0
2022-10-18,seattle,0.0
2022-10-19,seattle,0.0
2022-10-20,seattle,0.0
2022-10-21,seattle,0.10333333333333333
2022-10-22,seattle,0.4175
2022-10-23,seattle,0.21200000000000002
2022-10-24,seattle,0.10500000000000001
2022-10-25,seattle,0.13799999999999998
2022-10-26,seattle,0.28
2022-10-27,seattle,0.0075
2022-10-28,seattle,0.45600000000000007
2022-10-29,seattle,0.028000000000000004
2022-10-30,seattle,0.025
2022-10-31,seattle,0.7916666666666666
2022-11-01,seattle,0.039999999999999994
2022-11-02,seattle,0.252
2022-11-03,seattle,0.125
2022-11-04,seattle,0.402
2022-11-05,seattle,0.016
2022-11-06,seattle,0.8925
2022-11-07,seattle,0.252
2022-11-08,seattle,0.296
2022-11-09,seattle,0.005
2022-11-10,seattle,0.0
2022-11-11,seattle,0.0
2022-11-12,seattle,0.0
2022-11-13,seattle,0.0
2022-11-14,seattle,0.0
2022-11-15,seattle,0.0
2022-11-16,seattle,0.0
2022-11-17,seattle,0.0
2022-11-18,seattle,0.0
2022-11-19,seattle,0.0
2022-11-20,seattle,0.0
2022-11-21,seattle,0.002
2022-11-22,seattle,0.325
2022-11-23,seattle,0.7483333333333334
2022-11-24,seattle,0.0025
2022-11-25,seattle,0.16333333333333333
2022-11-26,seattle,0.5549999999999999
2022-11-27,seattle,0.20500000000000002
2022-11-28,seattle,0.07666666666666667
2022-11-29,seattle,0.022
2022-11-30,seattle,1.2
2022-12-01,seattle,0.048
2022-12-02,seattle,0.01
2022-12-03,seattle,0.606
2022-12-04,seattle,0.064
2022-12-05,seattle,0.128
2022-12-06,seattle,0.018
2022-12-07,seattle,0.03
2022-12-08,seattle,0.198
2022-12-09,seattle,0.065
2022-12-10,seattle,0.844
2022-12-11,seattle,0.256
2022-12-12,seattle,0.092
2022-12-13,seattle,0.018
2022-12-14,seattle,0.004
2022-12-15,seattle,0.0
2022-12-16,seattle,0.0
2022-12-17,seattle,0.05000000000000001
2022-12-18,seattle,0.0475
2022-12-19,seattle,0.07333333333333335
2022-12-20,seattle,0.42
2022-12-21,seattle,0.1875
2022-12-22,seattle,0.01
2022-12-23,seattle,0.22999999999999998
2022-12-24,seattle,0.85
2022-12-25,seattle,0.7399999999999999
2022-12-26,seattle,1.53
2022-12-27,seattle,0.5866666666666667
2022-12-28,seattle,0.38000000000000006
2022-12-29,seattle,0.10999999999999999
2022-12-30,seattle,0.6166666666666667
2022-12-31,seattle,0.15000000000000002
2023-01-01,seattle,0.016666666666666666
2023-01-02,seattle,0.0033333333333333335
2023-01-03,seattle,0.0
2023-01-04,seattle,0.007500000000000001
2023-01-05,seattle,0.0275
2023-01-06,seattle,0.06333333333333334
2023-01-07,seattle,0.2866666666666667
2023-01-08,seattle,0.2733333333333334
2023-01-09,seattle,0.3275
2023-01-10,seattle,0.5775
2023-01-11,seattle,0.046
2023-01-12,seattle,0.4640000000000001
2023-01-13,seattle,0.518
2023-01-14,seattle,0.2175
2023-01-15,seattle,0.15
2023-01-16,seattle,0.2525
2023-01-17,seattle,0.0225
2023-01-18,seattle,0.1725
2023-01-19,seattle,0.205
2023-01-20,seattle,0.0
2023-01-21,seattle,0.049999999999999996
2023-01-22,seattle,0.24
2023-01-23,seattle,0.0033333333333333335
2023-01-24,seattle,0.0
2023-01-25,seattle,0.0325
2023-01-26,seattle,0.0075
2023-01-27,seattle,0.1675
2023-01-28,seattle,0.08333333333333333
2023-01-29,seattle,0.0
2023-01-30,seattle,0.0
2023-01-31,seattle,0.0
2023-02-01,seattle,0.0
2023-02-02,seattle,0.0
2023-02-03,seattle,0.06999999999999999
2023-02-04,seattle,0.33
2023-02-05,seattle,0.08666666666666667
2023-02-06,seattle,0.125
2023-02-07,seattle,0.18000000000000002
2023-02-08,seattle,0.095
2023-02-09,seattle,0.03
2023-02-10,seattle,0.04
2023-02-11,seattle,0.0
2023-02-12,seattle,0.0033333333333333335
2023-02-13,seattle,0.09
2023-02-14,seattle,0.1975
2023-02-15,seattle,0.0
2023-02-16,seattle,0.0
2023-02-17,seattle,0.25
2023-02-18,seattle,0.08333333333333333
2023-02-19,seattle,0.06333333333333334
2023-02-20,seattle,0.2725
2023-02-21,seattle,0.06999999999999999
2023-02-22,seattle,0.33499999999999996
2023-02-23,seattle,0.022
2023-02-24,seattle,0.0
2023-02-25,seattle,0.006666666666666667
2023-02-26,seattle,0.315
2023-02-27,seattle,0.04
2023-02-28,seattle,0.22199999999999998
2023-03-01,seattle,0.02666666666666667
2023-03-02,seattle,0.155
2023-03-03,seattle,0.0825
2023-03-04,seattle,0.48750000000000004
2023-03-05,seattle,0.1366666666666667
2023-03-06,seattle,0.1775
2023-03-07,seattle,0.006666666666666667
2023-03-08,seattle,0.0033333333333333335
2023-03-09,seattle,0.049999999999999996
2023-03-10,seattle,0.185
2023-03-11,seattle,0.03
2023-03-12,seattle,0.0
2023-03-13,seattle,0.7933333333333333
2023-03-14,seattle,0.04
2023-03-15,seattle,0.008
2023-03-16,seattle,0.005
2023-03-17,seattle,0.005
2023-03-18,seattle,0.0
2023-03-19,seattle,0.0
2023-03-20,seattle,0.134
2023-03-21,seattle,0.034
2023-03-22,seattle,0.0075
2023-03-23,seattle,0.01
2023-03-24,seattle,0.02
2023-03-25,seattle,0.3075
2023-03-26,seattle,0.005
2023-03-27,seattle,0.0
2023-03-28,seattle,0.0
2023-03-29,seattle,0.0
2023-03-30,seattle,0.0
2023-03-31,seattle,0.1
2023-04-01,seattle,0.26333333333333336
2023-04-02,seattle,0.1125
2023-04-03,seattle,0.27
2023-04-04,seattle,0.07250000000000001
2023-04-05,seattle,0.0
2023-04-06,seattle,0.126
2023-04-07,seattle,0.5266666666666667
2023-04-08,seattle,0.038
2023-04-09,seattle,0.22200000000000003
2023-04-10,seattle,0.454
2023-04-11,seattle,0.458
2023-04-12,seattle,0.008
2023-04-13,seattle,0.0
2023-04-14,seattle,0.0
2023-04-15,seattle,0.006666666666666667
2023-04-16,seattle,0.13333333333333333
2023-04-17,seattle,0.22999999999999998
2023-04-18,seattle,0.182
2023-04-19,seattle,0.042
2023-04-20,seattle,0.0875
2023-04-21,seattle,0.27
2023-04-22,seattle,0.0425
2023-04-23,seattle,0.35250000000000004
2023-04-24,seattle,0.12666666666666668
2023-04-25,seattle,0.0075
2023-04-26,seattle,0.0
2023-04-27,seattle,0.0
2023-04-28,seattle,0.0
2023-04-29,seattle,0.0
2023-04-30,seattle,0.0
2023-05-01,seattle,0.006666666666666667
2023-05-02,seattle,0.034
2023-05-03,seattle,0.0
2023-05-04,seattle,0.022
2023-05-05,seattle,0.38
2023-05-06,seattle,0.43
2023-05-07,seattle,0.0475
2023-05-08,seattle,0.0033333333333333335
2023-05-09,seattle,0.005
2023-05-10,seattle,0.0
2023-05-11,seattle,0.0
2023-05-12,seattle,0.0
2023-05-13,seattle,0.0
2023-05-14,seattle,0.0
2023-05-15,seattle,0.0
2023-05-16,seattle,0.024999999999999998
2023-05-17,seattle,0.0
2023-05-18,seattle,0.0
2023-05-19,seattle,0.0
2023-05-20,seattle,0.0033333333333333335
2023-05-21,seattle,0.0
2023-05-22,seattle,0.1
2023-05-23,seattle,0.0025
2023-05-24,seattle,0.0
2023-05-25,seattle,0.0
2023-05-26,seattle,0.0
2023-05-27,seattle,0.0
2023-05-28,seattle,0.0
2023-05-29,seattle,0.0
2023-05-30,seattle,0.0
2023-05-31,seattle,0.0
2023-06-01,seattle,0.0
2023-06-02,seattle,0.0
2023-06-03,seattle,0.0
2023-06-04,seattle,0.0
2023-06-05,seattle,0.0
2023-06-06,seattle,0.0
2023-06-07,seattle,0.0
2023-06-08,seattle,0.0
2023-06-09,seattle,0.075
2023-06-10,seattle,0.31
2023-06-11,seattle,0.045
2023-06-12,seattle,0.0
2023-06-13,seattle,0.0
2023-06-14,seattle,0.005
2023-06-15,seattle,0.0
2023-06-16,seattle,0.065
2023-06-17,seattle,0.2233333333333333
2023-06-18,seattle,0.11666666666666665
2023-06-19,seattle,0.18999999999999997
2023-06-20,seattle,0.31666666666666665
2023-06-21,seattle,0.05333333333333334
2023-06-22,seattle,0.0
2023-06-23,seattle,0.0
2023-06-24,seattle,0.0
2023-06-25,seattle,0.0
2023-06-26,seattle,0.0
2023-06-27,seattle,0.0
2023-06-28,seattle,0.0
2023-06-29,seattle,0.0
2023-06-30,seattle,0.0
2023-07-01,seattle,0.0
2023-07-02,seattle,0.0
2023-07-03,seattle,0.0
2023-07-04,seattle,0.0
2023-07-05,seattle,0.0
2023-07-06,seattle,0.0
2023-07-07,seattle,0.0
2023-07-08,seattle,0.0
2023-07-09,seattle,0.0
2023-07-10,seattle,0.0
2023-07-11,seattle,0.0
2023-07-12,seattle,0.0
2023-07-13,seattle,0.0
2023-07-14,seattle,0.0
2023-07-15,seattle,0.0
2023-07-16,seattle,0.0
2023-07-17,seattle,0.0
2023-07-18,seattle,0.0
2023-07-19,seattle,0.0
2023-07-20,seattle,0.0
2023-07-21,seattle,0.0
2023-07-22,seattle,0.0
2023-07-23,seattle,0.0
2023-07-24,seattle,0.03
2023-07-25,seattle,0.08
2023-07-26,seattle,0.0
2023-07-27,seattle,0.0
2023-07-28,seattle,0.0
2023-07-29,seattle,0.0
2023-07-30,seattle,0.0
2023-07-31,seattle,0.0
2023-08-01,seattle,0.0
2023-08-02,seattle,0.0
2023-08-03,seattle,0.0
2023-08-04,seattle,0.0
2023-08-05,seattle,0.006666666666666667
2023-08-06,seattle,0.006666666666666667
2023-08-07,seattle,0.043333333333333335
2023-08-08,seattle,0.03
2023-08-09,seattle,0.01
2023-08-10,seattle,0.02
2023-08-11,seattle,0.0
2023-08-12,seattle,0.0
2023-08-13,seattle,0.0
2023-08-14,seattle,0.0
2023-08-15,seattle,0.0
2023-08-16,seattle,0.0
2023-08-17,seattle,0.0
2023-08-18,seattle,0.0
2023-08-19,seattle,0.0
2023-08-20,seattle,0.0
2023-08-21,seattle,0.0
2023-08-22,seattle,0.006666666666666667
2023-08-23,seattle,0.055
2023-08-24,seattle,0.0
2023-08-25,seattle,0.006666666666666667
2023-08-26,seattle,0.0033333333333333335
2023-08-27,seattle,0.0
2023-08-28,seattle,0.0
2023-08-29,seattle,0.03
2023-08-30,seattle,0.14750000000000002
2023-08-31,seattle,0.023333333333333334
2023-09-01,seattle,0.006666666666666667
2023-09-02,seattle,0.0
2023-09-03,seattle,0.02
2023-09-04,seattle,0.04
2023-09-05,seattle,0.013333333333333334
2023-09-06,seattle,0.0
2023-09-07,seattle,0.0
2023-09-08,seattle,0.0
2023-09-09,seattle,0.0
2023-09-10,seattle,0.0
2023-09-11,seattle,0.0
2023-09-12,seattle,0.016666666666666666
2023-09-13,seattle,0.0325
2023-09-14,seattle,0.0
2023-09-15,seattle,0.0
2023-09-16,seattle,0.0
2023-09-17,seattle,0.0
2023-09-18,seattle,0.0975
2023-09-19,seattle,0.0
2023-09-20,seattle,0.5175
2023-09-21,seattle,0.013333333333333334
2023-09-22,seattle,0.0
2023-09-23,seattle,0.0375
2023-09-24,seattle,0.186
2023-09-25,seattle,0.8560000000000001
2023-09-26,seattle,0.7775
2023-09-27,seattle,0.7233333333333333
2023-09-28,seattle,0.576
2023-09-29,seattle,0.154
2023-09-30,seattle,0.0025
2023-10-01,seattle,0.0
2023-10-02,seattle,0.0
2023-10-03,seattle,0.246
2023-10-04,seattle,0.0
2023-10-05,seattle,0.0
2023-10-06,seattle,0.0
2023-10-07,seattle,0.0
2023-10-08,seattle,0.0
2023-10-09,seattle,0.0075
2023-10-10,seattle,0.13599999999999998
2023-10-11,seattle,0.646
2023-10-12,seattle,0.16499999999999998
2023-10-13,seattle,0.06
2023-10-14,seattle,0.13
2023-10-15,seattle,0.02
2023-10-16,seattle,0.32
2023-10-17,seattle,0.2525
2023-10-18,seattle,0.06166666666666667
2023-10-19,seattle,0.0
2023-10-20,seattle,0.0
2023-10-21,seattle,0.005
2023-10-22,seattle,0.01
2023-10-23,seattle,0.004
2023-10-24,seattle,0.12
2023-10-25,seattle,0.624
2023-10-26,seattle,0.013333333333333334
2023-10-27,seattle,0.0
2023-10-28,seattle,0.0
2023-10-29,seattle,0.0
2023-10-30,seattle,0.0
2023-10-31,seattle,0.0
2023-11-01,seattle,0.1075
2023-11-02,seattle,0.9775
2023-11-03,seattle,0.18000000000000002
2023-11-04,seattle,0.905
2023-11-05,seattle,0.4875
2023-11-06,seattle,0.415
2023-11-07,seattle,0.4675
2023-11-08,seattle,0.013333333333333334
2023-11-09,seattle,0.04666666666666667
2023-11-10,seattle,0.15666666666666665
2023-11-11,seattle,0.3575
2023-11-12,seattle,0.085
2023-11-13,seattle,0.2
2023-11-14,seattle,0.022
2023-11-15,seattle,0.0025
2023-11-16,seattle,0.005
2023-11-17,seattle,0.0
2023-11-18,seattle,0.09000000000000001
2023-11-19,seattle,0.2275
2023-11-20,seattle,0.015
2023-11-21,seattle,0.0425
2023-11-22,seattle,0.37666666666666665
2023-11-23,seattle,0.0
2023-11-24,seattle,0.0
2023-11-25,seattle,
2023-11-26,seattle,0.0
2023-11-27,seattle,0.0
2023-11-28,seattle,0.0
2023-11-29,seattle,0.0
2023-11-30,seattle,0.048
2023-12-01,seattle,0.466
2023-12-02,seattle,0.694
2023-12-03,seattle,0.25
2023-12-04,seattle,0.366
2023-12-05,seattle,2.71
2023-12-06,seattle,0.8960000000000001
2023-12-07,seattle,0.4
2023-12-08,seattle,0.276
2023-12-09,seattle,0.14800000000000002
2023-12-10,seattle,0.5740000000000001
2023-12-11,seattle,0.014000000000000002
2023-12-12,seattle,0.0
2023-12-13,seattle,0.0
2023-12-14,seattle,0.14
2023-12-15,seattle,0.025
2023-12-16,seattle,0.0
2023-12-17,seattle,0.0
2023-12-18,seattle,0.0125
2023-12-19,seattle,0.125
2023-12-20,seattle,0.16999999999999998
2023-12-21,seattle,0.0175
2023-12-22,seattle,0.2775
2023-12-23,seattle,0.595
2023-12-24,seattle,0.006666666666666667
2023-12-25,seattle,0.19666666666666666
2023-12-26,seattle,0.6066666666666667
2023-12-27,seattle,0.06333333333333334
2023-12-28,seattle,0.24
2023-12-29,seattle,0.05500000000000001
2023-12-30,seattle,0.0425
2023-12-31,seattle,0.05
2020-01-01,new york,0.013333333333333332
2020-01-02,new york,0.0
2020-01-03,new york,0.13444444444444445
2020-01-04,new york,0.2
2020-01-05,new york,0.04
2020-01-06,new york,0.017777777777777778
2020-01-07,new york,0.01
2020-01-08,new york,0.03333333333333333
2020-01-09,new york,0.0011111111111111111
2020-01-10,new york,0.0
2020-01-11,new york,0.0
2020-01-12,new york,0.060000000000000005
2020-01-13,new york,0.003333333333333333
2020-01-14,new york,0.0125
2020-01-15,new york,0.014444444444444446
2020-01-16,new york,0.07111111111111111
2020-01-17,new york,0.0022222222222222222
2020-01-18,new york,0.15444444444444444
2020-01-19,new york,0.40222222222222226
2020-01-20,new york,0.0
2020-01-21,new york,0.0
2020-01-22,new york,0.0
2020-01-23,new york,0.0
2020-01-24,new york,0.0
2020-01-25,new york,0.2677777777777778
2020-01-26,new york,0.63
2020-01-27,new york,0.0011111111111111111
2020-01-28,new york,0.0011111111111111111
2020-01-29,new york,0.0
2020-01-30,new york,0.0
2020-01-31,new york,0.006666666666666666
2020-02-01,new york,0.014444444444444446
2020-02-02,new york,0.0375
2020-02-03,new york,0.03571428571428571
2020-02-04,new york,0.014444444444444446
2020-02-05,new york,0.02
2020-02-06,new york,0.5244444444444444
2020-02-07,new york,0.21888888888888888
2020-02-08,new york,0.0811111111111111
2020-02-09,new york,0.0022222222222222222
2020-02-10,new york,0.15375
2020-02-11,new york,0.5166666666666667
2020-02-12,new york,0.09555555555555556
2020-02-13,new york,0.3844444444444444
2020-02-14,new york,0.08888888888888889
2020-02-15,new york,0.0011111111111111111
2020-02-16,new york,0.0
2020-02-17,new york,0.0
2020-02-18,new york,0.0
2020-02-19,new york,0.005555555555555556
2020-02-20,new york,0.0
2020-02-21,new york,0.0
2020-02-22,new york,0.0
2020-02-23,new york,0.0
2020-02-24,new york,0.0011111111111111111
2020-02-25,new york,0.044444444444444446
2020-02-26,new york,0.14
2020-02-27,new york,0.8155555555555556
2020-02-28,new york,0.0011111111111111111
2020-02-29,new york,0.0
2020-03-01,new york,0.0
2020-03-02,new york,0.0
2020-03-03,new york,0.12444444444444445
2020-03-04,new york,0.23777777777777778
2020-03-05,new york,0.0025
2020-03-06,new york,0.05625
2020-03-07,new york,0.06125
2020-03-08,new york,0.00125
2020-03-09,new york,0.0
2020-03-10,new york,0.0
2020-03-11,new york,0.0
2020-03-12,new york,0.04625
2020-03-13,new york,0.3466666666666667
2020-03-14,new york,0.06666666666666667
2020-03-15,new york,0.0
2020-03-16,new york,0.0
2020-03-17,new york,0.14777777777777779
2020-03-18,new york,0.026666666666666665
2020-03-19,new york,0.9288888888888889
2020-03-20,new york,0.02888888888888889
2020-03-21,new york,0.0
2020-03-22,new york,0.0
2020-03-23,new york,0.4475
2020-03-24,new york,0.8144444444444444
2020-03-25,new york,0.0044444444444444444
2020-03-26,new york,0.0011111111111111111
2020-03-27,new york,0.0011111111111111111
2020-03-28,new york,0.12444444444444445
2020-03-29,new york,0.3566666666666667
2020-03-30,new york,0.07333333333333333
2020-03-31,new york,0.05888888888888889
2020-04-01,new york,0.0
2020-04-02,new york,0.0
2020-04-03,new york,0.06777777777777777
2020-04-04,new york,0.05777777777777778
2020-04-05,new york,0.0022222222222222222
2020-04-06,new york,0.08444444444444445
2020-04-07,new york,0.0
2020-04-08,new york,0.1711111111111111
2020-04-09,new york,0.07666666666666666
2020-04-10,new york,0.18555555555555556
2020-04-11,new york,0.008888888888888889
2020-04-12,new york,0.0
2020-04-13,new york,0.819
2020-04-14,new york,0.7390000000000001
2020-04-15,new york,0.019
2020-04-16,new york,0.001
2020-04-17,new york,0.012
2020-04-18,new york,0.213
2020-04-19,new york,0.043
2020-04-20,new york,0.0
2020-04-21,new york,0.073
2020-04-22,new york,0.215
2020-04-23,new york,0.035
2020-04-24,new york,0.501
2020-04-25,new york,0.135
2020-04-26,new york,0.07111111111111111
2020-04-27,new york,0.177
2020-04-28,new york,0.019
2020-04-29,new york,0.003
2020-04-30,new york,0.307
2020-05-01,new york,0.40199999999999997
2020-05-02,new york,0.079
2020-05-03,new york,0.122
2020-05-04,new york,0.037
2020-05-05,new york,0.0
2020-05-06,new york,0.013000000000000001
2020-05-07,new york,0.05
2020-05-08,new york,0.10600000000000001
2020-05-09,new york,0.367
2020-05-10,new york,0.003
2020-05-11,new york,0.01
2020-05-12,new york,0.041999999999999996
2020-05-13,new york,0.001
2020-05-14,new york,0.0
2020-05-15,new york,0.052000000000000005
2020-05-16,new york,0.09777777777777778
2020-05-17,new york,0.0
2020-05-18,new york,0.0
2020-05-19,new york,0.0
2020-05-20,new york,0.0
2020-05-21,new york,0.0
2020-05-22,new york,0.015555555555555557
2020-05-23,new york,0.25222222222222224
2020-05-24,new york,0.4766666666666667
2020-05-25,new york,0.008888888888888889
2020-05-26,new york,0.006666666666666666
2020-05-27,new york,0.0
2020-05-28,new york,0.013333333333333334
2020-05-29,new york,0.015555555555555557
2020-05-30,new york,0.06666666666666667
2020-05-31,new york,0.0
2020-06-01,new york,0.0
2020-06-02,new york,0.0
2020-06-03,new york,0.19
2020-06-04,new york,0.36333333333333334
2020-06-05,new york,0.3433333333333333
2020-06-06,new york,0.19777777777777777
2020-06-07,new york,0.17666666666666664
2020-06-08,new york,0.0
2020-06-09,new york,0.0
2020-06-10,new york,0.0
2020-06-11,new york,0.143
2020-06-12,new york,0.378
2020-06-13,new york,0.0
2020-06-14,new york,0.0
2020-06-15,new york,0.0
2020-06-16,new york,0.0
2020-06-17,new york,0.0
2020-06-18,new york,0.0
2020-06-19,new york,0.0
2020-06-20,new york,0.0
2020-06-21,new york,0.0
2020-06-22,new york,0.0
2020-06-23,new york,0.0
2020-06-24,new york,0.0
2020-06-25,new york,0.0
2020-06-26,new york,0.0
2020-06-27,new york,0.073
2020-06-28,new york,0.15363636363636363
2020-06-29,new york,0.15454545454545454
2020-06-30,new york,0.04
2020-07-01,new york,0.1781818181818182
2020-07-02,new york,0.22999999999999998
2020-07-03,new york,0.11499999999999999
2020-07-04,new york,0.386
2020-07-05,new york,0.001
2020-07-06,new york,0.05700000000000001
2020-07-07,new york,0.079
2020-07-08,new york,0.005
2020-07-09,new york,0.225
2020-07-10,new york,0.5509999999999999
2020-07-11,new york,1.0409090909090908
2020-07-12,new york,0.15636363636363637
2020-07-13,new york,0.03
2020-07-14,new york,0.001
2020-07-15,new york,0.003
2020-07-16,new york,0.0
2020-07-17,new york,0.04111111111111111
2020-07-18,new york,0.079
2020-07-19,new york,0.0
2020-07-20,new york,0.0
2020-07-21,new york,0.0
2020-07-22,new york,0.259
2020-07-23,new york,0.24900000000000003
2020-07-24,new york,0.175
2020-07-25,new york,0.15272727272727274
2020-07-26,new york,0.0
2020-07-27,new york,0.0
2020-07-28,new york,0.004545454545454546
2020-07-29,new york,0.0
2020-07-30,new york,0.007272727272727273
2020-07-31,new york,0.748
2020-08-01,new york,0.009
2020-08-02,new york,0.003333333333333333
2020-08-03,new york,0.09200000000000001
2020-08-04,new york,0.30454545454545456
2020-08-05,new york,0.23750000000000002
2020-08-06,new york,0.012727272727272728
2020-08-07,new york,0.1590909090909091
2020-08-08,new york,0.053000000000000005
2020-08-09,new york,0.0009090909090909091
2020-08-10,new york,0.0
2020-08-11,new york,0.006363636363636364
2020-08-12,new york,0.27636363636363637
2020-08-13,new york,0.08454545454545455
2020-08-14,new york,0.06545454545454545
2020-08-15,new york,0.0
2020-08-16,new york,0.09818181818181819
2020-08-17,new york,0.4309090909090909
2020-08-18,new york,0.5618181818181818
2020-08-19,new york,0.11727272727272728
2020-08-20,new york,0.17454545454545453
2020-08-21,new york,0.003
2020-08-22,new york,0.0
2020-08-23,new york,0.009
2020-08-24,new york,0.0
2020-08-25,new york,0.03833333333333334
2020-08-26,new york,0.06916666666666667
2020-08-27,new york,0.15363636363636363
2020-08-28,new york,0.3172727272727273
2020-08-29,new york,0.049090909090909095
2020-08-30,new york,0.06363636363636364
2020-08-31,new york,0.0009090909090909091
2020-09-01,new york,0.18636363636363634
2020-09-02,new york,0.1281818181818182
2020-09-03,new york,0.25181818181818183
2020-09-04,new york,0.3018181818181818
2020-09-05,new york,0.0009090909090909091
2020-09-06,new york,0.0
2020-09-07,new york,0.0
2020-09-08,new york,0.0
2020-09-09,new york,0.0
2020-09-10,new york,1.5491666666666666
2020-09-11,new york,0.465
2020-09-12,new york,0.0022222222222222222
2020-09-13,new york,0.0
2020-09-14,new york,0.0
2020-09-15,new york,0.0
2020-09-16,new york,0.0
2020-09-17,new york,0.0
2020-09-18,new york,0.024545454545454547
2020-09-19,new york,0.0009090909090909091
2020-09-20,new york,0.0
2020-09-21,new york,0.0
2020-09-22,new york,0.0
2020-09-23,new york,0.0
2020-09-24,new york,0.0
2020-09-25,new york,0.0
2020-09-26,new york,0.00818181818181818
2020-09-27,new york,0.00818181818181818
2020-09-28,new york,0.057499999999999996
2020-09-29,new york,0.055833333333333325
2020-09-30,new york,1.0591666666666668
2020-10-01,new york,0.002727272727272727
2020-10-02,new york,0.03272727272727272
2020-10-03,new york,0.020999999999999998
2020-10-04,new york,0.0
2020-10-05,new york,0.001
2020-10-06,new york,0.023
2020-10-07,new york,0.006363636363636364
2020-10-08,new york,0.015
2020-10-09,new york,0.0
2020-10-10,new york,0.0
2020-10-11,new york,0.0
2020-10-12,new york,0.665
2020-10-13,new york,0.49444444444444446
2020-10-14,new york,0.05181818181818181
2020-10-15,new york,0.002727272727272727
2020-10-16,new york,0.2991666666666667
2020-10-17,new york,1.1033333333333333
2020-10-18,new york,0.005
2020-10-19,new york,0.0
2020-10-20,new york,0.035833333333333335
2020-10-21,new york,0.018333333333333333
2020-10-22,new york,0.0036363636363636364
2020-10-23,new york,0.013333333333333334
2020-10-24,new york,0.011818181818181818
2020-10-25,new york,0.004545454545454546
2020-10-26,new york,0.052000000000000005
2020-10-27,new york,0.03333333333333333
2020-10-28,new york,0.12090909090909091
2020-10-29,new york,0.47800000000000004
2020-10-30,new york,1.5408333333333333
2020-10-31,new york,0.19499999999999998
2020-11-01,new york,0.14363636363636365
2020-11-02,new york,0.3790909090909091
2020-11-03,new york,0.004
2020-11-04,new york,0.0018181818181818182
2020-11-05,new york,0.0008333333333333334
2020-11-06,new york,0.0
2020-11-07,new york,0.001
2020-11-08,new york,0.0009090909090909091
2020-11-09,new york,0.0
2020-11-10,new york,0.0
2020-11-11,new york,0.2081818181818182
2020-11-12,new york,0.79
2020-11-13,new york,0.23750000000000002
2020-11-14,new york,0.09416666666666668
2020-11-15,new york,0.07083333333333335
2020-11-16,new york,0.25999999999999995
2020-11-17,new york,0.0007692307692307692
2020-11-18,new york,0.004615384615384615
2020-11-19,new york,0.0
2020-11-20,new york,0.0
2020-11-21,new york,0.0
2020-11-22,new york,0.006923076923076922
2020-11-23,new york,0.6030769230769231
2020-11-24,new york,0.0675
2020-11-25,new york,0.013076923076923078
2020-11-26,new york,0.5736363636363637
2020-11-27,new york,0.04833333333333334
2020-11-28,new york,0.0008333333333333334
2020-11-29,new york,0.0
2020-11-30,new york,0.26999999999999996
2020-12-01,new york,1.0415384615384615
2020-12-02,new york,0.0038461538461538464
2020-12-03,new york,0.0007692307692307692
2020-12-04,new york,0.023846153846153847
2020-12-05,new york,0.9842857142857143
2020-12-06,new york,0.22307692307692306
2020-12-07,new york,0.0015384615384615385
2020-12-08,new york,0.0
2020-12-09,new york,0.004615384615384616
2020-12-10,new york,0.01076923076923077
2020-12-11,new york,0.0
2020-12-12,new york,0.0016666666666666668
2020-12-13,new york,0.01916666666666667
2020-12-14,new york,0.09
2020-12-15,new york,0.20846153846153845
2020-12-16,new york,0.11076923076923076
2020-12-17,new york,0.8411111111111111
2020-12-18,new york,0.045000000000000005
2020-12-19,new york,0.0
2020-12-20,new york,0.010833333333333334
2020-12-21,new york,0.0375
2020-12-22,new york,0.0008333333333333334
2020-12-23,new york,0.0
2020-12-24,new york,0.035833333333333335
2020-12-25,new york,0.87
2020-12-26,new york,0.11272727272727273
2020-12-27,new york,0.0
2020-12-28,new york,0.0
2020-12-29,new york,0.0008333333333333334
2020-12-30,new york,0.0
2020-12-31,new york,0.2872727272727273
2021-01-01,new york,0.28833333333333333
2021-01-02,new york,0.47500000000000003
2021-01-03,new york,0.03333333333333333
2021-01-04,new york,0.13599999999999998
2021-01-05,new york,0.0008333333333333334
2021-01-06,new york,0.0
2021-01-07,new york,0.0
2021-01-08,new york,0.0
2021-01-09,new york,0.0
2021-01-10,new york,0.0
2021-01-11,new york,0.0
2021-01-12,new york,0.0
2021-01-13,new york,0.0
2021-01-14,new york,0.0
2021-01-15,new york,0.07833333333333332
2021-01-16,new york,1.0915384615384616
2021-01-17,new york,0.0038461538461538464
2021-01-18,new york,0.0
2021-01-19,new york,0.0
2021-01-20,new york,0.016153846153846154
2021-01-21,new york,0.0038461538461538464
2021-01-22,new york,0.0007692307692307692
2021-01-23,new york,0.0
2021-01-24,new york,0.0
2021-01-25,new york,0.0
2021-01-26,new york,0.02
2021-01-27,new york,0.13923076923076924
2021-01-28,new york,0.0015384615384615385
2021-01-29,new york,0.0
2021-01-30,new york,0.0
2021-01-31,new york,0.017272727272727273
2021-02-01,new york,0.6633333333333334
2021-02-02,new york,0.7849999999999999
2021-02-03,new york,0.096
2021-02-04,new york,0.0
2021-02-05,new york,0.009166666666666668
2021-02-06,new york,0.018333333333333333
2021-02-07,new york,0.09727272727272727
2021-02-08,new york,0.267
2021-02-09,new york,0.026363636363636363
2021-02-10,new york,0.015
2021-02-11,new york,0.12333333333333335
2021-02-12,new york,0.0
2021-02-13,new york,0.0007692307692307692
2021-02-14,new york,0.005833333333333334
2021-02-15,new york,0.0016666666666666668
2021-02-16,new york,0.7933333333333333
2021-02-17,new york,0.006153846153846154
2021-02-18,new york,0.13916666666666666
2021-02-19,new york,0.3941666666666667
2021-02-20,new york,0.08083333333333333
2021-02-21,new york,0.0
2021-02-22,new york,0.13333333333333333
2021-02-23,new york,0.41545454545454547
2021-02-24,new york,0.016666666666666666
2021-02-25,new york,0.0
2021-02-26,new york,0.0
2021-02-27,new york,0.18083333333333332
2021-02-28,new york,0.2625
2021-03-01,new york,0.3923076923076923
2021-03-02,new york,0.005
2021-03-03,new york,0.0
2021-03-04,new york,0.0
2021-03-05,new york,0.0
2021-03-06,new york,0.0
2021-03-07,new york,0.0
2021-03-08,new york,0.0
2021-03-09,new york,0.0
2021-03-10,new york,0.0
2021-03-11,new york,0.0
2021-03-12,new york,0.0016666666666666668
2021-03-13,new york,0.0
2021-03-14,new york,0.0
2021-03-15,new york,0.0
2021-03-16,new york,0.0008333333333333334
2021-03-17,new york,0.0
2021-03-18,new york,0.14083333333333334
2021-03-19,new york,0.5766666666666667
2021-03-20,new york,0.0018181818181818182
2021-03-21,new york,0.0
2021-03-22,new york,0.0
2021-03-23,new york,0.0
2021-03-24,new york,0.24545454545454548
2021-03-25,new york,0.5383333333333333
2021-03-26,new york,0.03916666666666667
2021-03-27,new york,0.0025
2021-03-28,new york,0.205
2021-03-29,new york,0.6141666666666666
2021-03-30,new york,0.0033333333333333335
2021-03-31,new york,0.14583333333333334
2021-04-01,new york,0.4475
2021-04-02,new york,0.014166666666666668
2021-04-03,new york,0.0009090909090909091
2021-04-04,new york,0.0
2021-04-05,new york,0.0
2021-04-06,new york,0.0
2021-04-07,new york,0.0
2021-04-08,new york,0.0
2021-04-09,new york,0.0008333333333333334
2021-04-10,new york,0.01
2021-04-11,new york,0.11416666666666668
2021-04-12,new york,0.5191666666666667
2021-04-13,new york,0.26333333333333336
2021-04-14,new york,0.004166666666666667
2021-04-15,new york,0.24250000000000002
2021-04-16,new york,0.8116666666666666
2021-04-17,new york,0.05416666666666667
2021-04-18,new york,0.0016666666666666668
2021-04-19,new york,0.0008333333333333334
2021-04-20,new york,0.00818181818181818
2021-04-21,new york,0.0375
2021-04-22,new york,0.17833333333333334
2021-04-23,new york,0.0027272727272727275
2021-04-24,new york,0.0
2021-04-25,new york,0.46545454545454545
2021-04-26,new york,0.06727272727272728
2021-04-27,new york,0.004545454545454546
2021-04-28,new york,0.007000000000000001
2021-04-29,new york,0.06272727272727273
2021-04-30,new york,0.05545454545454545
2021-05-01,new york,0.015454545454545453
2021-05-02,new york,0.0009090909090909091
2021-05-03,new york,0.10090909090909092
2021-05-04,new york,0.6245454545454545
2021-05-05,new york,0.101
2021-05-06,new york,0.20800000000000002
2021-05-07,new york,0.0018181818181818182
2021-05-08,new york,0.009
2021-05-09,new york,0.16499999999999998
2021-05-10,new york,0.4645454545454546
2021-05-11,new york,0.005454545454545455
2021-05-12,new york,0.0
2021-05-13,new york,0.0
2021-05-14,new york,0.0
2021-05-15,new york,0.0
2021-05-16,new york,0.0009090909090909091
2021-05-17,new york,0.004545454545454546
2021-05-18,new york,0.0008333333333333334
2021-05-19,new york,0.0
2021-05-20,new york,0.0
2021-05-21,new york,0.0
2021-05-22,new york,0.0
2021-05-23,new york,0.0
2021-05-24,new york,0.0
2021-05-25,new york,0.0
2021-05-26,new york,0.04727272727272727
2021-05-27,new york,0.16909090909090907
2021-05-28,new york,0.2608333333333333
2021-05-29,new york,1.3909090909090909
2021-05-30,new york,0.6344444444444445
2021-05-31,new york,0.6227272727272728
2021-06-01,new york,0.005
2021-06-02,new york,0.0
2021-06-03,new york,0.07916666666666668
2021-06-04,new york,0.3466666666666667
2021-06-05,new york,0.23200000000000004
2021-06-06,new york,0.0
2021-06-07,new york,0.007000000000000001
2021-06-08,new york,0.1525
2021-06-09,new york,0.38727272727272727
2021-06-10,new york,0.001
2021-06-11,new york,0.0
2021-06-12,new york,0.0009090909090909091
2021-06-13,new york,0.001
2021-06-14,new york,0.05454545454545454
2021-06-15,new york,0.08583333333333333
2021-06-16,new york,0.0
2021-06-17,new york,0.0
2021-06-18,new york,0.0
2021-06-19,new york,0.060000000000000005
2021-06-20,new york,0.23307692307692307
2021-06-21,new york,0.04692307692307692
2021-06-22,new york,0.08833333333333333
2021-06-23,new york,0.26166666666666666
2021-06-24,new york,0.0015384615384615385
2021-06-25,new york,0.007692307692307693
2021-06-26,new york,0.005384615384615385
2021-06-27,new york,0.006923076923076922
2021-06-28,new york,0.0
2021-06-29,new york,0.0
2021-06-30,new york,0.0625
2021-07-01,new york,0.2969230769230769
2021-07-02,new york,0.8376923076923077
2021-07-03,new york,0.8523076923076923
2021-07-04,new york,0.34076923076923077
2021-07-05,new york,0.006153846153846154
2021-07-06,new york,0.105
2021-07-07,new york,0.2576923076923077
2021-07-08,new york,0.23857142857142857
2021-07-09,new york,2.3664285714285715
2021-07-10,new york,0.6021428571428571
2021-07-11,new york,0.007857142857142858
2021-07-12,new york,0.22642857142857142
2021-07-13,new york,0.11692307692307692
2021-07-14,new york,0.01
2021-07-15,new york,0.0014285714285714286
2021-07-16,new york,0.0
2021-07-17,new york,0.10833333333333334
2021-07-18,new york,0.24769230769230768
2021-07-19,new york,0.014166666666666668
2021-07-20,new york,0.01769230769230769
2021-07-21,new york,0.07615384615384616
2021-07-22,new york,0.12692307692307692
2021-07-23,new york,0.008461538461538461
2021-07-24,new york,0.008461538461538461
2021-07-25,new york,0.2784615384615385
2021-07-26,new york,0.7142857142857143
2021-07-27,new york,0.005
2021-07-28,new york,0.1842857142857143
2021-07-29,new york,0.07230769230769231
2021-07-30,new york,0.20642857142857143
2021-07-31,new york,0.002142857142857143
2021-08-01,new york,0.009285714285714286
2021-08-02,new york,0.04357142857142857
2021-08-03,new york,0.0016666666666666668
2021-08-04,new york,0.0
2021-08-05,new york,0.01076923076923077
2021-08-06,new york,0.0025
2021-08-07,new york,0.0
2021-08-08,new york,0.28153846153846157
2021-08-09,new york,0.4815384615384615
2021-08-10,new york,0.1907142857142857
2021-08-11,new york,0.16999999999999998
2021-08-12,new york,0.1076923076923077
2021-08-13,new york,0.0071428571428571435
2021-08-14,new york,0.0007142857142857143
2021-08-15,new york,0.0007142857142857143
2021-08-16,new york,0.0
2021-08-17,new york,0.0
2021-08-18,new york,0.0
2021-08-19,new york,0.2323076923076923
2021-08-20,new york,0.0014285714285714286
2021-08-21,new york,0.5407692307692308
2021-08-22,new york,1.8008333333333333
2021-08-23,new york,2.795
2021-08-24,new york,0.38083333333333336
2021-08-25,new york,0.0
2021-08-26,new york,0.0
2021-08-27,new york,0.05846153846153846
2021-08-28,new york,0.5176923076923077
2021-08-29,new york,0.16999999999999998
2021-08-30,new york,0.02153846153846154
2021-08-31,new york,0.0025
2021-09-01,new york,0.9246153846153846
2021-09-02,new york,4.2446153846153845
2021-09-03,new york,0.0007142857142857143
2021-09-04,new york,0.0
2021-09-05,new york,0.006153846153846154
2021-09-06,new york,0.05142857142857143
2021-09-07,new york,0.0
2021-09-08,new york,0.0
2021-09-09,new york,0.17857142857142858
2021-09-10,new york,0.1685714285714286
2021-09-11,new york,0.002142857142857143
2021-09-12,new york,0.0
2021-09-13,new york,0.024285714285714282
2021-09-14,new york,0.05714285714285715
2021-09-15,new york,0.0014285714285714286
2021-09-16,new york,0.01
2021-09-17,new york,0.0064285714285714285
2021-09-18,new york,0.022307692307692306
2021-09-19,new york,0.0023076923076923075
2021-09-20,new york,0.0
2021-09-21,new york,0.008571428571428572
2021-09-22,new york,0.02428571428571429
2021-09-23,new york,0.17500000000000002
2021-09-24,new york,1.499285714285714
2021-09-25,new york,0.0071428571428571435
2021-09-26,new york,0.0
2021-09-27,new york,0.0
2021-09-28,new york,0.03071428571428572
2021-09-29,new york,0.11153846153846153
2021-09-30,new york,0.0008333333333333334
2021-10-01,new york,0.0
2021-10-02,new york,0.0
2021-10-03,new york,0.0
2021-10-04,new york,0.06909090909090909
2021-10-05,new york,0.11153846153846153
2021-10-06,new york,0.011538461538461537
2021-10-07,new york,0.0025
2021-10-08,new york,0.0
2021-10-09,new york,0.0
2021-10-10,new york,0.049999999999999996
2021-10-11,new york,0.09500000000000001
2021-10-12,new york,0.0
2021-10-13,new york,0.0
2021-10-14,new york,0.0008333333333333334
2021-10-15,new york,0.0
2021-10-16,new york,0.05454545454545454
2021-10-17,new york,0.17166666666666666
2021-10-18,new york,0.019230769230769232
2021-10-19,new york,0.003076923076923077
2021-10-20,new york,0.0007692307692307692
2021-10-21,new york,0.0
2021-10-22,new york,0.0
2021-10-23,new york,0.015000000000000001
2021-10-24,new york,0.038571428571428576
2021-10-25,new york,0.09357142857142857
2021-10-26,new york,2.1128571428571425
2021-10-27,new york,2.027857142857143
2021-10-28,new york,0.005714285714285714
2021-10-29,new york,0.09249999999999999
2021-10-30,new york,0.43153846153846154
2021-10-31,new york,0.1676923076923077
2021-11-01,new york,0.00923076923076923
2021-11-02,new york,0.003076923076923077
2021-11-03,new york,0.015000000000000001
2021-11-04,new york,0.0007142857142857143
2021-11-05,new york,0.0
2021-11-06,new york,0.0
2021-11-07,new york,0.0
2021-11-08,new york,0.0
2021-11-09,new york,0.0
2021-11-10,new york,0.0
2021-11-11,new york,0.0007142857142857143
2021-11-12,new york,0.09
2021-11-13,new york,0.42928571428571427
2021-11-14,new york,0.1758333333333333
2021-11-15,new york,0.04076923076923077
2021-11-16,new york,0.005714285714285714
2021-11-17,new york,0.0
2021-11-18,new york,0.012142857142857141
2021-11-19,new york,0.115
2021-11-20,new york,0.0007142857142857143
2021-11-21,new york,0.0007142857142857143
2021-11-22,new york,0.07571428571428572
2021-11-23,new york,0.013571428571428571
2021-11-24,new york,0.0
2021-11-25,new york,0.0008333333333333334
2021-11-26,new york,0.13384615384615384
2021-11-27,new york,0.03230769230769231
2021-11-28,new york,0.0015384615384615385
2021-11-29,new york,0.0015384615384615385
2021-11-30,new york,0.0
2021-12-01,new york,0.0007142857142857143
2021-12-02,new york,0.038571428571428576
2021-12-03,new york,0.00923076923076923
2021-12-04,new york,0.0
2021-12-05,new york,0.0
2021-12-06,new york,0.3261538461538462
2021-12-07,new york,0.05692307692307692
2021-12-08,new york,0.012307692307692308
2021-12-09,new york,0.030000000000000002
2021-12-10,new york,0.0038461538461538464
2021-12-11,new york,0.09076923076923078
2021-12-12,new york,0.08846153846153845
2021-12-13,new york,0.0007142857142857143
2021-12-14,new york,0.0007692307692307692
2021-12-15,new york,0.0
2021-12-16,new york,0.012307692307692308
2021-12-17,new york,0.0
2021-12-18,new york,0.03142857142857143
2021-12-19,new york,0.10142857142857142
2021-12-20,new york,0.0
2021-12-21,new york,0.0014285714285714286
2021-12-22,new york,0.1523076923076923
2021-12-23,new york,0.007692307692307693
2021-12-24,new york,0.02642857142857143
2021-12-25,new york,0.08166666666666667
2021-12-26,new york,0.10583333333333333
2021-12-27,new york,0.011538461538461537
2021-12-28,new york,0.09166666666666667
2021-12-29,new york,0.21833333333333335
2021-12-30,new york,0.06166666666666667
2021-12-31,new york,0.015
2022-01-01,new york,0.2941666666666667
2022-01-02,new york,0.6341666666666667
2022-01-03,new york,0.00923076923076923
2022-01-04,new york,0.0
2022-01-05,new york,0.098
2022-01-06,new york,0.129
2022-01-07,new york,0.3981818181818182
2022-01-08,new york,0.017272727272727273
2022-01-09,new york,0.022727272727272728
2022-01-10,new york,0.08692307692307691
2022-01-11,new york,0.0
2022-01-12,new york,0.0
2022-01-13,new york,0.0
2022-01-14,new york,0.0
2022-01-15,new york,0.0
2022-01-16,new york,0.09818181818181819
2022-01-17,new york,1.4418181818181817
2022-01-18,new york,0.015
2022-01-19,new york,0.0
2022-01-20,new york,0.19166666666666665
2022-01-21,new york,0.1
2022-01-22,new york,0.0
2022-01-23,new york,0.0033333333333333335
2022-01-24,new york,0.009166666666666667
2022-01-25,new york,0.005
2022-01-26,new york,0.0
2022-01-27,new york,0.0
2022-01-28,new york,0.02076923076923077
2022-01-29,new york,0.4744444444444444
2022-01-30,new york,0.14142857142857143
2022-01-31,new york,0.0
2022-02-01,new york,0.0
2022-02-02,new york,0.0
2022-02-03,new york,0.09384615384615384
2022-02-04,new york,0.6316666666666667
2022-02-05,new york,0.3518181818181818
2022-02-06,new york,0.0
2022-02-07,new york,0.05900000000000001
2022-02-08,new york,0.259
2022-02-09,new york,0.0
2022-02-10,new york,0.0008333333333333334
2022-02-11,new york,0.0
2022-02-12,new york,0.0
2022-02-13,new york,0.152
2022-02-14,new york,0.047
2022-02-15,new york,0.0
2022-02-16,new york,0.0
2022-02-17,new york,0.06666666666666667
2022-02-18,new york,0.5808333333333333
2022-02-19,new york,0.02
2022-02-20,new york,0.00818181818181818
2022-02-21,new york,0.0
2022-02-22,new york,0.04583333333333334
2022-02-23,new york,0.22416666666666665
2022-02-24,new york,0.0008333333333333334
2022-02-25,new york,0.5811111111111111
2022-02-26,new york,0.20299999999999999
2022-02-27,new york,0.0025
2022-02-28,new york,0.0
2022-03-01,new york,0.0
2022-03-02,new york,0.004166666666666667
2022-03-03,new york,0.051000000000000004
2022-03-04,new york,0.0
2022-03-05,new york,0.0
2022-03-06,new york,0.012499999999999999
2022-03-07,new york,0.07583333333333334
2022-03-08,new york,0.063
2022-03-09,new york,0.1375
2022-03-10,new york,0.44416666666666665
2022-03-11,new york,0.002
2022-03-12,new york,0.172
2022-03-13,new york,0.346
2022-03-14,new york,0.00818181818181818
2022-03-15,new york,0.0
2022-03-16,new york,0.002727272727272727
2022-03-17,new york,0.023
2022-03-18,new york,0.11000000000000001
2022-03-19,new york,0.04888888888888889
2022-03-20,new york,0.155
2022-03-21,new york,0.001
2022-03-22,new york,0.0
2022-03-23,new york,0.014000000000000002
2022-03-24,new york,0.5800000000000001
2022-03-25,new york,0.442
2022-03-26,new york,0.005
2022-03-27,new york,0.04454545454545455
2022-03-28,new york,0.0
2022-03-29,new york,0.0
2022-03-30,new york,0.0
2022-03-31,new york,0.016000000000000004
2022-04-01,new york,0.49000000000000005
2022-04-02,new york,0.009
2022-04-03,new york,0.024
2022-04-04,new york,0.09111111111111111
2022-04-05,new york,0.013333333333333332
2022-04-06,new york,0.34700000000000003
2022-04-07,new york,0.315
2022-04-08,new york,0.87
2022-04-09,new york,0.02666666666666667
2022-04-10,new york,0.03222222222222222
2022-04-11,new york,0.0011111111111111111
2022-04-12,new york,0.017777777777777778
2022-04-13,new york,0.034999999999999996
2022-04-14,new york,0.015
2022-04-15,new york,0.08499999999999999
2022-04-16,new york,0.034
2022-04-17,new york,0.10600000000000001
2022-04-18,new york,0.251
2022-04-19,new york,1.42
2022-04-20,new york,0.004
2022-04-21,new york,0.0
2022-04-22,new york,0.0
2022-04-23,new york,0.0
2022-04-24,new york,0.001
2022-04-25,new york,0.0
2022-04-26,new york,0.01
2022-04-27,new york,0.045
2022-04-28,new york,0.0
2022-04-29,new york,0.0
2022-04-30,new york,0.0
2022-05-01,new york,0.0
2022-05-02,new york,0.22090909090909092
2022-05-03,new york,0.06799999999999999
2022-05-04,new york,0.053636363636363635
2022-05-05,new york,0.026363636363636363
2022-05-06,new york,0.16727272727272727
2022-05-07,new york,0.966
2022-05-08,new york,0.6572727272727273
2022-05-09,new york,0.004545454545454546
2022-05-10,new york,0.0
2022-05-11,new york,0.0
2022-05-12,new york,0.0
2022-05-13,new york,0.009
2022-05-14,new york,0.062
2022-05-15,new york,0.12
2022-05-16,new york,0.027000000000000003
2022-05-17,new york,0.093
2022-05-18,new york,0.0009090909090909091
2022-05-19,new york,0.7145454545454546
2022-05-20,new york,0.16099999999999998
2022-05-21,new york,0.24666666666666665
2022-05-22,new york,0.0011111111111111111
2022-05-23,new york,0.03888888888888889
2022-05-24,new york,0.001
2022-05-25,new york,0.0
2022-05-26,new york,0.0009090909090909091
2022-05-27,new york,0.04363636363636363
2022-05-28,new york,0.4345454545454545
2022-05-29,new york,0.3336363636363636
2022-05-30,new york,0.0
2022-05-31,new york,0.0
2022-06-01,new york,0.26363636363636367
2022-06-02,new york,0.7890909090909091
2022-06-03,new york,0.325
2022-06-04,new york,0.002
2022-06-05,new york,0.0
2022-06-06,new york,0.0
2022-06-07,new york,0.014000000000000002
2022-06-08,new york,0.1081818181818182
2022-06-09,new york,0.7609090909090909
2022-06-10,new york,0.0
2022-06-11,new york,0.0
2022-06-12,new york,0.023636363636363636
2022-06-13,new york,0.2772727272727273
2022-06-14,new york,0.0018181818181818182
2022-06-15,new york,0.0
2022-06-16,new york,0.137
2022-06-17,new york,0.1
2022-06-18,new york,0.006666666666666666
2022-06-19,new york,0.0011111111111111111
2022-06-20,new york,0.0
2022-06-21,new york,0.008
2022-06-22,new york,0.136
2022-06-23,new york,0.069
2022-06-24,new york,0.043
2022-06-25,new york,0.001
2022-06-26,new york,0.0
2022-06-27,new york,0.16499999999999998
2022-06-28,new york,0.26999999999999996
2022-06-29,new york,0.0
2022-06-30,new york,0.0
2022-07-01,new york,0.0
2022-07-02,new york,0.03222222222222223
2022-07-03,new york,0.006
2022-07-04,new york,0.0
2022-07-05,new york,0.011
2022-07-06,new york,0.031
2022-07-07,new york,0.001
2022-07-08,new york,0.045454545454545456
2022-07-09,new york,0.02
2022-07-10,new york,0.0
2022-07-11,new york,0.0
2022-07-12,new york,0.0
2022-07-13,new york,0.005454545454545454
2022-07-14,new york,0.0009090909090909091
2022-07-15,new york,0.023636363636363636
2022-07-16,new york,0.11300000000000002
2022-07-17,new york,0.309
2022-07-18,new york,0.23000000000000004
2022-07-19,new york,1.1700000000000002
2022-07-20,new york,0.0
2022-07-21,new york,0.039
2022-07-22,new york,0.29000000000000004
2022-07-23,new york,0.005
2022-07-24,new york,0.0
2022-07-25,new york,0.15000000000000002
2022-07-26,new york,0.148
2022-07-27,new york,0.0
2022-07-28,new york,0.135
2022-07-29,new york,0.01
2022-07-30,new york,0.006
2022-07-31,new york,0.0
2022-08-01,new york,0.298
2022-08-02,new york,0.02181818181818182
2022-08-03,new york,0.0
2022-08-04,new york,0.0
2022-08-05,new york,0.0
2022-08-06,new york,0.0
2022-08-07,new york,0.017
2022-08-08,new york,0.005
2022-08-09,new york,0.026666666666666665
2022-08-10,new york,0.068
2022-08-11,new york,0.063
2022-08-12,new york,0.056363636363636366
2022-08-13,new york,0.0
2022-08-14,new york,0.0
2022-08-15,new york,0.0
2022-08-16,new york,0.0
2022-08-17,new york,0.04272727272727273
2022-08-18,new york,0.023636363636363636
2022-08-19,new york,0.0
2022-08-20,new york,0.0
2022-08-21,new york,0.035454545454545454
2022-08-22,new york,0.023636363636363636
2022-08-23,new york,0.15454545454545454
2022-08-24,new york,0.0
2022-08-25,new york,0.0
2022-08-26,new york,0.026000000000000002
2022-08-27,new york,0.06909090909090909
2022-08-28,new york,0.0
2022-08-29,new york,0.0
2022-08-30,new york,0.028999999999999998
2022-08-31,new york,0.08499999999999999
2022-09-01,new york,0.0
2022-09-02,new york,0.0
2022-09-03,new york,0.0
2022-09-04,new york,0.002727272727272727
2022-09-05,new york,0.028181818181818183
2022-09-06,new york,0.7324999999999999
2022-09-07,new york,0.44
2022-09-08,new york,0.006666666666666667
2022-09-09,new york,0.0
2022-09-10,new york,0.0
2022-09-11,new york,0.04923076923076923
2022-09-12,new york,0.37153846153846154
2022-09-13,new york,0.5861538461538461
2022-09-14,new york,0.02153846153846154
2022-09-15,new york,0.0
2022-09-16,new york,0.0
2022-09-17,new york,0.0
2022-09-18,new york,0.0
2022-09-19,new york,0.013846153846153848
2022-09-20,new york,0.07307692307692308
2022-09-21,new york,0.0007692307692307692
2022-09-22,new york,0.11249999999999999
2022-09-23,new york,0.28692307692307695
2022-09-24,new york,0.0007692307692307692
2022-09-25,new york,0.1630769230769231
2022-09-26,new york,0.35615384615384615
2022-09-27,new york,0.006153846153846154
2022-09-28,new york,0.0
2022-09-29,new york,0.0
2022-09-30,new york,0.0
2022-10-01,new york,0.4809090909090909
2022-10-02,new york,0.142
2022-10-03,new york,0.351
2022-10-04,new york,1.5127272727272727
2022-10-05,new york,0.6363636363636364
2022-10-06,new york,0.3145454545454545
2022-10-07,new york,0.0
2022-10-08,new york,0.05
2022-10-09,new york,0.0
2022-10-10,new york,0.0
2022-10-11,new york,0.0009090909090909091
2022-10-12,new york,0.0
2022-10-13,new york,0.2772727272727273
2022-10-14,new york,0.9854545454545455
2022-10-15,new york,0.0
2022-10-16,new york,0.0
2022-10-17,new york,0.08916666666666666
2022-10-18,new york,0.155
2022-10-19,new york,0.0
2022-10-20,new york,0.0
2022-10-21,new york,0.0
2022-10-22,new york,0.0
2022-10-23,new york,0.004615384615384615
2022-10-24,new york,0.29538461538461536
2022-10-25,new york,0.2976923076923077
2022-10-26,new york,0.008333333333333333
2022-10-27,new york,0.0038461538461538464
2022-10-28,new york,0.0
2022-10-29,new york,0.0
2022-10-30,new york,0.0
2022-10-31,new york,0.022000000000000002
2022-11-01,new york,0.265
2022-11-02,new york,0.009090909090909092
2022-11-03,new york,0.0
2022-11-04,new york,0.0016666666666666668
2022-11-05,new york,0.0
2022-11-06,new york,0.0016666666666666668
2022-11-07,new york,0.015454545454545453
2022-11-08,new york,0.0
2022-11-09,new york,0.0
2022-11-10,new york,0.0
2022-11-11,new york,0.16636363636363638
2022-11-12,new york,0.7583333333333333
2022-11-13,new york,0.0725
2022-11-14,new york,0.03833333333333334
2022-11-15,new york,0.11
2022-11-16,new york,0.5966666666666667
2022-11-17,new york,0.009166666666666667
2022-11-18,new york,0.0025
2022-11-19,new york,0.0033333333333333335
2022-11-20,new york,0.0016666666666666668
2022-11-21,new york,0.0
2022-11-22,new york,0.0
2022-11-23,new york,0.0
2022-11-24,new york,0.0
2022-11-25,new york,0.010833333333333334
2022-11-26,new york,0.028181818181818183
2022-11-27,new york,0.16272727272727272
2022-11-28,new york,0.3936363636363636
2022-11-29,new york,0.0025
2022-11-30,new york,0.10083333333333333
2022-12-01,new york,0.45916666666666667
2022-12-02,new york,0.0008333333333333334
2022-12-03,new york,0.10909090909090909
2022-12-04,new york,0.26999999999999996
2022-12-05,new york,0.0
2022-12-06,new york,0.155
2022-12-07,new york,0.9292307692307692
2022-12-08,new york,0.038461538461538464
2022-12-09,new york,0.0007692307692307692
2022-12-10,new york,0.0
2022-12-11,new york,0.041666666666666664
2022-12-12,new york,0.11363636363636363
2022-12-13,new york,0.0
2022-12-14,new york,0.0
2022-12-15,new york,0.11538461538461539
2022-12-16,new york,0.9216666666666667
2022-12-17,new york,0.29
2022-12-18,new york,0.0025
2022-12-19,new york,0.0
2022-12-20,new york,0.0
2022-12-21,new york,0.0
2022-12-22,new york,0.036666666666666674
2022-12-23,new york,1.1025
2022-12-24,new york,0.096
2022-12-25,new york,0.0
2022-12-26,new york,0.0
2022-12-27,new york,0.0
2022-12-28,new york,0.0
2022-12-29,new york,0.0
2022-12-30,new york,0.0
2022-12-31,new york,0.07416666666666667
2023-01-01,new york,0.26153846153846155
2023-01-02,new york,0.006153846153846154
2023-01-03,new york,0.10230769230769231
2023-01-04,new york,0.2872727272727273
2023-01-05,new york,0.07307692307692308
2023-01-06,new york,0.21636363636363634
2023-01-07,new york,0.029166666666666664
2023-01-08,new york,0.0
2023-01-09,new york,0.013076923076923078
2023-01-10,new york,0.0
2023-01-11,new york,0.0
2023-01-12,new york,0.06615384615384615
2023-01-13,new york,0.32166666666666666
2023-01-14,new york,0.015833333333333335
2023-01-15,new york,0.0
2023-01-16,new york,0.0
2023-01-17,new york,0.0
2023-01-18,new york,0.0175
2023-01-19,new york,0.19153846153846155
2023-01-20,new york,0.7792307692307692
2023-01-21,new york,0.003076923076923077
2023-01-22,new york,0.09923076923076923
2023-01-23,new york,0.6116666666666667
2023-01-24,new york,0.11666666666666665
2023-01-25,new york,0.23500000000000001
2023-01-26,new york,1.2327272727272727
2023-01-27,new york,0.0018181818181818182
2023-01-28,new york,0.005454545454545454
2023-01-29,new york,0.0
2023-01-30,new york,0.0
2023-01-31,new york,0.02909090909090909
2023-02-01,new york,0.032
2023-02-02,new york,0.0
2023-02-03,new york,0.0
2023-02-04,new york,0.0
2023-02-05,new york,0.0
2023-02-06,new york,0.0
2023-02-07,new york,0.006
2023-02-08,new york,0.04
2023-02-09,new york,0.0009090909090909091
2023-02-10,new york,0.0
2023-02-11,new york,0.0
2023-02-12,new york,0.015000000000000001
2023-02-13,new york,0.030909090909090907
2023-02-14,new york,0.0
2023-02-15,new york,0.0
2023-02-16,new york,0.014166666666666668
2023-02-17,new york,0.12
2023-02-18,new york,0.19
2023-02-19,new york,0.0007692307692307692
2023-02-20,new york,0.0015384615384615385
2023-02-21,new york,0.12615384615384617
2023-02-22,new york,0.06916666666666667
2023-02-23,new york,0.15142857142857144
2023-02-24,new york,0.024999999999999998
2023-02-25,new york,0.0
2023-02-26,new york,0.008333333333333333
2023-02-27,new york,0.045384615384615384
2023-02-28,new york,0.535
2023-03-01,new york,0.043846153846153854
2023-03-02,new york,0.030714285714285715
2023-03-03,new york,0.023076923076923075
2023-03-04,new york,1.0184615384615385
2023-03-05,new york,0.016153846153846154
2023-03-06,new york,0.0
2023-03-07,new york,0.03416666666666667
2023-03-08,new york,0.0035714285714285718
2023-03-09,new york,0.0
2023-03-10,new york,0.05615384615384615
2023-03-11,new york,0.5650000000000001
2023-03-12,new york,0.05416666666666666
2023-03-13,new york,0.15142857142857144
2023-03-14,new york,0.8457142857142858
2023-03-15,new york,0.11071428571428572
2023-03-16,new york,0.0014285714285714286
2023-03-17,new york,0.0
2023-03-18,new york,0.017499999999999998
2023-03-19,new york,0.0
2023-03-20,new york,0.0
2023-03-21,new york,0.0
2023-03-22,new york,0.0
2023-03-23,new york,0.013076923076923076
2023-03-24,new york,0.08800000000000001
2023-03-25,new york,0.02846153846153846
2023-03-26,new york,0.16272727272727272
2023-03-27,new york,0.043076923076923075
2023-03-28,new york,0.17466666666666666
2023-03-29,new york,0.010714285714285714
2023-03-30,new york,0.014285714285714287
2023-03-31,new york,0.0
2023-04-01,new york,0.16538461538461538
2023-04-02,new york,0.22846153846153847
2023-04-03,new york,0.0007142857142857143
2023-04-04,new york,0.0
2023-04-05,new york,0.0006666666666666666
2023-04-06,new york,0.013571428571428571
2023-04-07,new york,0.03153846153846154
2023-04-08,new york,0.0007692307692307692
2023-04-09,new york,0.0
2023-04-10,new york,0.0
2023-04-11,new york,0.0
2023-04-12,new york,0.0
2023-04-13,new york,0.0
2023-04-14,new york,0.0
2023-04-15,new york,0.003076923076923077
2023-04-16,new york,0.10615384615384617
2023-04-17,new york,0.011333333333333334
2023-04-18,new york,0.016666666666666666
2023-04-19,new york,0.0026666666666666666
2023-04-20,new york,0.0
2023-04-21,new york,0.0
2023-04-22,new york,0.13153846153846155
2023-04-23,new york,1.6007142857142858
2023-04-24,new york,0.16714285714285718
2023-04-25,new york,0.0
2023-04-26,new york,0.0
2023-04-27,new york,0.021333333333333333
2023-04-28,new york,0.06933333333333333
2023-04-29,new york,1.392
2023-04-30,new york,1.0114285714285713
2023-05-01,new york,1.3206666666666669
2023-05-02,new york,0.06866666666666667
2023-05-03,new york,0.07133333333333333
2023-05-04,new york,0.09533333333333333
2023-05-05,new york,0.03133333333333333
2023-05-06,new york,0.0038461538461538464
2023-05-07,new york,0.002
2023-05-08,new york,0.026153846153846156
2023-05-09,new york,0.0006666666666666666
2023-05-10,new york,0.0
2023-05-11,new york,0.0
2023-05-12,new york,0.0
2023-05-13,new york,0.0
2023-05-14,new york,0.0
2023-05-15,new york,0.0
2023-05-16,new york,0.0
2023-05-17,new york,0.0
2023-05-18,new york,0.0
2023-05-19,new york,0.0
2023-05-20,new york,0.42166666666666663
2023-05-21,new york,0.9413333333333332
2023-05-22,new york,0.0
2023-05-23,new york,0.0
2023-05-24,new york,0.006923076923076922
2023-05-25,new york,0.02666666666666667
2023-05-26,new york,0.0
2023-05-27,new york,0.0
2023-05-28,new york,0.0
2023-05-29,new york,0.0
2023-05-30,new york,0.0
2023-05-31,new york,0.0
2023-06-01,new york,0.0
2023-06-02,new york,0.018571428571428572
2023-06-03,new york,0.07142857142857142
2023-06-04,new york,0.0
2023-06-05,new york,0.0
2023-06-06,new york,0.02
2023-06-07,new york,0.14846153846153845
2023-06-08,new york,0.0
2023-06-09,new york,0.01
2023-06-10,new york,0.021666666666666667
2023-06-11,new york,0.022857142857142857
2023-06-12,new york,0.05466666666666667
2023-06-13,new york,0.20866666666666667
2023-06-14,new york,0.037333333333333336
2023-06-15,new york,0.25866666666666666
2023-06-16,new york,0.05454545454545456
2023-06-17,new york,0.23500000000000001
2023-06-18,new york,0.045384615384615384
2023-06-19,new york,0.0
2023-06-20,new york,0.0
2023-06-21,new york,0.0
2023-06-22,new york,0.007333333333333333
2023-06-23,new york,0.021428571428571432
2023-06-24,new york,0.18066666666666667
2023-06-25,new york,0.04692307692307692
2023-06-26,new york,0.11733333333333333
2023-06-27,new york,0.5549999999999999
2023-06-28,new york,0.17461538461538464
2023-06-29,new york,0.08769230769230771
2023-06-30,new york,0.0014285714285714286
2023-07-01,new york,0.0
2023-07-02,new york,0.195
2023-07-03,new york,0.24428571428571427
2023-07-04,new york,0.39428571428571424
2023-07-05,new york,0.205
2023-07-06,new york,0.0
2023-07-07,new york,0.0
2023-07-08,new york,0.0
2023-07-09,new york,0.22142857142857145
2023-07-10,new york,1.22
2023-07-11,new york,0.001875
2023-07-12,new york,0.0
2023-07-13,new york,0.0
2023-07-14,new york,0.08812500000000001
2023-07-15,new york,0.265625
2023-07-16,new york,0.8160000000000001
2023-07-17,new york,0.52
2023-07-18,new york,0.16642857142857143
2023-07-19,new york,0.69
2023-07-20,new york,0.04066666666666666
2023-07-21,new york,0.17214285714285715
2023-07-22,new york,0.05357142857142857
2023-07-23,new york,0.0
2023-07-24,new york,0.0
2023-07-25,new york,0.05857142857142857
2023-07-26,new york,0.5633333333333332
2023-07-27,new york,0.026000000000000002
2023-07-28,new york,0.11666666666666665
2023-07-29,new york,0.10666666666666667
2023-07-30,new york,0.30230769230769233
2023-07-31,new york,0.0
2023-08-01,new york,0.0071428571428571435
2023-08-02,new york,0.0
2023-08-03,new york,0.0
2023-08-04,new york,0.0014285714285714286
2023-08-05,new york,0.04466666666666667
2023-08-06,new york,0.0
2023-08-07,new york,0.6419999999999999
2023-08-08,new york,0.2906666666666667
2023-08-09,new york,0.002857142857142857
2023-08-10,new york,0.08933333333333333
2023-08-11,new york,0.2826666666666667
2023-08-12,new york,0.012142857142857141
2023-08-13,new york,0.9592857142857143
2023-08-14,new york,0.0026666666666666666
2023-08-15,new york,0.5693333333333332
2023-08-16,new york,0.422
2023-08-17,new york,0.034
2023-08-18,new york,0.508
2023-08-19,new york,0.012
2023-08-20,new york,0.0
2023-08-21,new york,0.0
2023-08-22,new york,0.0
2023-08-23,new york,0.0
2023-08-24,new york,0.012307692307692308
2023-08-25,new york,0.4414285714285714
2023-08-26,new york,0.3578571428571428
2023-08-27,new york,0.26
2023-08-28,new york,0.0
2023-08-29,new york,0.0
2023-08-30,new york,0.07571428571428572
2023-08-31,new york,0.1335714285714286
2023-09-01,new york,0.0
2023-09-02,new york,0.0
2023-09-03,new york,0.0006666666666666666
2023-09-04,new york,0.0026666666666666666
2023-09-05,new york,0.004285714285714286
2023-09-06,new york,0.0
2023-09-07,new york,0.0
2023-09-08,new york,0.056666666666666664
2023-09-09,new york,0.16
2023-09-10,new york,0.31133333333333335
2023-09-11,new york,0.7093333333333334
2023-09-12,new york,0.36466666666666664
2023-09-13,new york,0.252
2023-09-14,new york,0.13
2023-09-15,new york,0.0
2023-09-16,new york,0.0
2023-09-17,new york,0.015
2023-09-18,new york,0.5942857142857143
2023-09-19,new york,0.6528571428571429
2023-09-20,new york,0.0
2023-09-21,new york,0.0
2023-09-22,new york,0.0
2023-09-23,new york,0.214
2023-09-24,new york,0.8666666666666667
2023-09-25,new york,0.752
2023-09-26,new york,0.32066666666666666
2023-09-27,new york,0.060000000000000005
2023-09-28,new york,0.08923076923076922
2023-09-29,new york,2.5415384615384613
2023-09-30,new york,2.373076923076923
2023-10-01,new york,0.057692307692307696
2023-10-02,new york,0.0007142857142857143
2023-10-03,new york,0.0
2023-10-04,new york,0.0
2023-10-05,new york,0.0014285714285714286
2023-10-06,new york,0.023571428571428573
2023-10-07,new york,0.3666666666666667
2023-10-08,new york,0.7141666666666667
2023-10-09,new york,0.0007692307692307692
2023-10-10,new york,0.0015384615384615385
2023-10-11,new york,0.0014285714285714286
2023-10-12,new york,0.0
2023-10-13,new york,0.0
2023-10-14,new york,0.18083333333333332
2023-10-15,new york,0.52
2023-10-16,new york,0.0008333333333333334
2023-10-17,new york,0.027857142857142858
2023-10-18,new york,0.0007142857142857143
2023-10-19,new york,0.0
2023-10-20,new york,0.22333333333333333
2023-10-21,new york,0.6966666666666667
2023-10-22,new york,0.214
2023-10-23,new york,0.0
2023-10-24,new york,0.0007142857142857143
2023-10-25,new york,0.0
2023-10-26,new york,0.0
2023-10-27,new york,0.0
2023-10-28,new york,0.0008333333333333334
2023-10-29,new york,0.09846153846153846
2023-10-30,new york,0.6557142857142857
2023-10-31,new york,0.04642857142857143
2023-11-01,new york,0.06166666666666667
2023-11-02,new york,0.005333333333333333
2023-11-03,new york,0.0
2023-11-04,new york,0.0
2023-11-05,new york,0.006
2023-11-06,new york,0.0
2023-11-07,new york,0.11714285714285715
2023-11-08,new york,0.0
2023-11-09,new york,0.0
2023-11-10,new york,0.0
2023-11-11,new york,0.0
2023-11-12,new york,0.0
2023-11-13,new york,0.0
2023-11-14,new york,0.0
2023-11-15,new york,0.0
2023-11-16,new york,0.0
2023-11-17,new york,0.0006666666666666666
2023-11-18,new york,0.017857142857142856
2023-11-19,new york,0.0
2023-11-20,new york,0.0
2023-11-21,new york,0.10384615384615385
2023-11-22,new york,1.429230769230769
2023-11-23,new york,0.004615384615384615
2023-11-24,new york,0.0
2023-11-25,new york,0.0
2023-11-26,new york,0.055714285714285716
2023-11-27,new york,0.5016666666666666
2023-11-28,new york,0.0
2023-11-29,new york,0.0
2023-11-30,new york,0.0
2023-12-01,new york,0.10384615384615385
2023-12-02,new york,0.32846153846153847
2023-12-03,new york,0.3215384615384615
2023-12-04,new york,0.3591666666666667
2023-12-05,new york,0.0006666666666666666
2023-12-06,new york,0.0
2023-12-07,new york,0.0013333333333333333
2023-12-08,new york,0.0006666666666666666
2023-12-09,new york,0.0
2023-12-10,new york,0.45466666666666666
2023-12-11,new york,2.009333333333333
2023-12-12,new york,0.029285714285714286
2023-12-13,new york,0.0007142857142857143
2023-12-14,new york,0.0
2023-12-15,new york,0.0
2023-12-16,new york,0.0
2023-12-17,new york,0.029333333333333333
2023-12-18,new york,2.0992307692307692
2023-12-19,new york,0.3630769230769231
2023-12-20,new york,0.0
2023-12-21,new york,0.0
2023-12-22,new york,0.0
2023-12-23,new york,0.0
2023-12-24,new york,0.020714285714285713
2023-12-25,new york,0.0007692307692307692
2023-12-26,new york,0.002142857142857143
2023-12-27,new york,0.05153846153846153
2023-12-28,new york,1.845
2023-12-29,new york,0.10357142857142856
2023-12-30,new york,0.0064285714285714285
2023-12-31,new york,0.0007142857142857143
